groupID;featureID;featureID.1;groupID.1;gene;transcript
ENSMUSG00000000290;ENSMUST00000000299;ENSMUST00000000299.14;ENSMUSG00000000290.14;1,80E+07;0
ENSMUSG00000000290;ENSMUST00000156644;ENSMUST00000156644.8;ENSMUSG00000000290.14;1,80E+07;0
ENSMUSG00000000355;ENSMUST00000000365;ENSMUST00000000365.3;ENSMUSG00000000355.14;0;0
ENSMUSG00000000355;ENSMUST00000133128;ENSMUST00000133128.8;ENSMUSG00000000355.14;0;0
ENSMUSG00000000732;ENSMUST00000105393;ENSMUST00000105393.3;ENSMUSG00000000732.10;0.0403342114448652;0
ENSMUSG00000000732;ENSMUST00000219633;ENSMUST00000219633.2;ENSMUSG00000000732.10;0.0403342114448652;0
ENSMUSG00000000740;ENSMUST00000000756;ENSMUST00000000756.6;ENSMUSG00000000740.13;0;2,54E-158
ENSMUSG00000000740;ENSMUST00000129311;ENSMUST00000129311.2;ENSMUSG00000000740.13;0;1,01E-106
ENSMUSG00000000740;ENSMUST00000212887;ENSMUST00000212887.2;ENSMUSG00000000740.13;0;1,36E-52
ENSMUSG00000001020;ENSMUST00000001046;ENSMUST00000001046.7;ENSMUSG00000001020.9;0;0
ENSMUSG00000001020;ENSMUST00000142476;ENSMUST00000142476.2;ENSMUSG00000001020.9;0;0
ENSMUSG00000001025;ENSMUST00000001051;ENSMUST00000001051.9;ENSMUSG00000001025.9;0;0
ENSMUSG00000001025;ENSMUST00000198128;ENSMUST00000198128.2;ENSMUSG00000001025.9;0;0
ENSMUSG00000001289;ENSMUST00000001335;ENSMUST00000001335.7;ENSMUSG00000001289.13;1,16E+02;0
ENSMUSG00000001289;ENSMUST00000165671;ENSMUST00000165671.8;ENSMUSG00000001289.13;1,16E+02;0
ENSMUSG00000001687;ENSMUST00000079324;ENSMUST00000079324.14;ENSMUSG00000001687.16;0;0
ENSMUSG00000001687;ENSMUST00000201139;ENSMUST00000201139.4;ENSMUSG00000001687.16;0;0
ENSMUSG00000001750;ENSMUST00000126070;ENSMUST00000126070.9;ENSMUSG00000001750.17;0.0494605918130028;0.0382853220932733
ENSMUSG00000001794;ENSMUST00000108196;ENSMUST00000108196.8;ENSMUSG00000001794.14;8,83E+08;0.00102785840777913
ENSMUSG00000001794;ENSMUST00000126116;ENSMUST00000126116.3;ENSMUSG00000001794.14;8,83E+08;2,53E+08
ENSMUSG00000002014;ENSMUST00000002090;ENSMUST00000002090.3;ENSMUSG00000002014.13;7,84E+03;0.025862434276598
ENSMUSG00000002014;ENSMUST00000130738;ENSMUST00000130738.8;ENSMUSG00000002014.13;7,84E+03;1,85E+03
ENSMUSG00000002014;ENSMUST00000166518;ENSMUST00000166518.8;ENSMUSG00000002014.13;7,84E+03;0.0110246426690434
ENSMUSG00000003072;ENSMUST00000003156;ENSMUST00000003156.15;ENSMUSG00000003072.16;1,15E+04;0.00161387457576183
ENSMUSG00000003072;ENSMUST00000105366;ENSMUST00000105366.2;ENSMUSG00000003072.16;1,15E+04;2,76E+03
ENSMUSG00000003072;ENSMUST00000105367;ENSMUST00000105367.8;ENSMUSG00000003072.16;1,15E+04;0.00670631354328975
ENSMUSG00000003363;ENSMUST00000117095;ENSMUST00000117095.8;ENSMUSG00000003363.16;0;0.000172836806823448
ENSMUSG00000003363;ENSMUST00000155287;ENSMUST00000155287.2;ENSMUSG00000003363.16;0;2,57E-06
ENSMUSG00000003429;ENSMUST00000003521;ENSMUST00000003521.10;ENSMUSG00000003429.12;0;0
ENSMUSG00000003429;ENSMUST00000209838;ENSMUST00000209838.2;ENSMUSG00000003429.12;0;0
ENSMUSG00000003873;ENSMUST00000033093;ENSMUST00000033093.10;ENSMUSG00000003873.12;0;8,96E+03
ENSMUSG00000003873;ENSMUST00000210392;ENSMUST00000210392.2;ENSMUSG00000003873.12;0;5,40E-15
ENSMUSG00000003873;ENSMUST00000211365;ENSMUST00000211365.2;ENSMUSG00000003873.12;0;0.00670613262709677
ENSMUSG00000004207;ENSMUST00000105465;ENSMUST00000105465.8;ENSMUSG00000004207.15;0.0328734874873343;0.0366040444544873
ENSMUSG00000004266;ENSMUST00000004377;ENSMUST00000004377.15;ENSMUSG00000004266.16;0;4,31E+07
ENSMUSG00000004266;ENSMUST00000112484;ENSMUST00000112484.10;ENSMUSG00000004266.16;0;6,97E+09
ENSMUSG00000004266;ENSMUST00000174265;ENSMUST00000174265.2;ENSMUSG00000004266.16;0;7,93E-40
ENSMUSG00000004285;ENSMUST00000004396;ENSMUST00000004396.13;ENSMUSG00000004285.13;0;1,77E-12
ENSMUSG00000004285;ENSMUST00000143101;ENSMUST00000143101.4;ENSMUSG00000004285.13;0;2,89E-10
ENSMUSG00000004285;ENSMUST00000149646;ENSMUST00000149646.3;ENSMUSG00000004285.13;0;5,82E-07
ENSMUSG00000004730;ENSMUST00000004850;ENSMUST00000004850.8;ENSMUSG00000004730.16;0;0
ENSMUSG00000004730;ENSMUST00000086763;ENSMUST00000086763.13;ENSMUSG00000004730.16;0;0
ENSMUSG00000004789;ENSMUST00000053811;ENSMUST00000053811.10;ENSMUSG00000004789.11;0.0272625889614711;0
ENSMUSG00000004789;ENSMUST00000223413;ENSMUST00000223413.2;ENSMUSG00000004789.11;0.0272625889614711;0
ENSMUSG00000004980;ENSMUST00000114459;ENSMUST00000114459.8;ENSMUSG00000004980.17;1,68E+08;1,78E+09
ENSMUSG00000004980;ENSMUST00000204188;ENSMUST00000204188.3;ENSMUSG00000004980.17;1,68E+08;9,39E+06
ENSMUSG00000005103;ENSMUST00000005234;ENSMUST00000005234.13;ENSMUSG00000005103.13;0;6,29E+06
ENSMUSG00000005103;ENSMUST00000200909;ENSMUST00000200909.2;ENSMUSG00000005103.13;0;4,07E-10
ENSMUSG00000005625;ENSMUST00000071664;ENSMUST00000071664.12;ENSMUSG00000005625.16;0.00337087937066948;0
ENSMUSG00000005625;ENSMUST00000107237;ENSMUST00000107237.8;ENSMUSG00000005625.16;0.00337087937066948;0
ENSMUSG00000005873;ENSMUST00000006027;ENSMUST00000006027.7;ENSMUSG00000005873.7;0;0
ENSMUSG00000005873;ENSMUST00000235227;ENSMUST00000235227.2;ENSMUSG00000005873.7;0;0
ENSMUSG00000006304;ENSMUST00000006467;ENSMUST00000006467.14;ENSMUSG00000006304.15;0;6,56E-02
ENSMUSG00000006304;ENSMUST00000113819;ENSMUST00000113819.2;ENSMUSG00000006304.15;0;3,97E-32
ENSMUSG00000006304;ENSMUST00000113820;ENSMUST00000113820.9;ENSMUSG00000006304.15;0;1,48E-25
ENSMUSG00000006333;ENSMUST00000006496;ENSMUST00000006496.15;ENSMUSG00000006333.15;0;4,35E-104
ENSMUSG00000006333;ENSMUST00000108623;ENSMUST00000108623.8;ENSMUSG00000006333.15;0;5,21E-41
ENSMUSG00000006333;ENSMUST00000108625;ENSMUST00000108625.8;ENSMUSG00000006333.15;0;3,99E-115
ENSMUSG00000006360;ENSMUST00000006523;ENSMUST00000006523.12;ENSMUSG00000006360.12;0;5,32E-102
ENSMUSG00000006360;ENSMUST00000198597;ENSMUST00000198597.5;ENSMUSG00000006360.12;0;5,34E-37
ENSMUSG00000006360;ENSMUST00000198909;ENSMUST00000198909.2;ENSMUSG00000006360.12;0;3,94E-50
ENSMUSG00000006519;ENSMUST00000017604;ENSMUST00000017604.10;ENSMUSG00000006519.12;0;0
ENSMUSG00000006519;ENSMUST00000212600;ENSMUST00000212600.2;ENSMUSG00000006519.12;0;0
ENSMUSG00000007458;ENSMUST00000007602;ENSMUST00000007602.15;ENSMUSG00000007458.15;0;2,67E-04
ENSMUSG00000007458;ENSMUST00000112610;ENSMUST00000112610.2;ENSMUSG00000007458.15;0;3,56E+05
ENSMUSG00000007458;ENSMUST00000123093;ENSMUST00000123093.2;ENSMUSG00000007458.15;0;1,74E+07
ENSMUSG00000007564;ENSMUST00000007708;ENSMUST00000007708.14;ENSMUSG00000007564.16;0;0
ENSMUSG00000007564;ENSMUST00000231928;ENSMUST00000231928.2;ENSMUSG00000007564.16;0;0
ENSMUSG00000007891;ENSMUST00000066401;ENSMUST00000066401.7;ENSMUSG00000007891.17;0.000459936264528479;0
ENSMUSG00000007891;ENSMUST00000151120;ENSMUST00000151120.9;ENSMUSG00000007891.17;0.000459936264528479;0
ENSMUSG00000008036;ENSMUST00000086112;ENSMUST00000086112.8;ENSMUSG00000008036.12;0;0
ENSMUSG00000008036;ENSMUST00000141496;ENSMUST00000141496.2;ENSMUSG00000008036.12;0;0
ENSMUSG00000008348;ENSMUST00000136312;ENSMUST00000136312.2;ENSMUSG00000008348.10;0.00926876281373658;0
ENSMUSG00000008348;ENSMUST00000156249;ENSMUST00000156249.2;ENSMUSG00000008348.10;0.00926876281373658;0
ENSMUSG00000008475;ENSMUST00000077755;ENSMUST00000077755.11;ENSMUSG00000008475.14;0;0
ENSMUSG00000008475;ENSMUST00000143008;ENSMUST00000143008.2;ENSMUSG00000008475.14;0;0
ENSMUSG00000008668;ENSMUST00000008812;ENSMUST00000008812.9;ENSMUSG00000008668.16;0;7,46E+07
ENSMUSG00000008668;ENSMUST00000174609;ENSMUST00000174609.9;ENSMUSG00000008668.16;0;4,37E-13
ENSMUSG00000008668;ENSMUST00000174620;ENSMUST00000174620.3;ENSMUSG00000008668.16;0;0.00365726569621313
ENSMUSG00000008668;ENSMUST00000174745;ENSMUST00000174745.8;ENSMUSG00000008668.16;0;1,01E+09
ENSMUSG00000008682;ENSMUST00000074085;ENSMUST00000074085.12;ENSMUSG00000008682.14;0;8,34E+01
ENSMUSG00000008682;ENSMUST00000151702;ENSMUST00000151702.8;ENSMUSG00000008682.14;0;1,59E-05
ENSMUSG00000008683;ENSMUST00000106588;ENSMUST00000106588.8;ENSMUSG00000008683.17;0;0
ENSMUSG00000008683;ENSMUST00000106590;ENSMUST00000106590.5;ENSMUSG00000008683.17;0;0
ENSMUSG00000009585;ENSMUST00000175714;ENSMUST00000175714.8;ENSMUSG00000009585.19;0;0
ENSMUSG00000009585;ENSMUST00000176325;ENSMUST00000176325.8;ENSMUSG00000009585.19;0;0
ENSMUSG00000009687;ENSMUST00000161684;ENSMUST00000161684.8;ENSMUSG00000009687.15;0.0139469711185862;0.0149460954386278
ENSMUSG00000009927;ENSMUST00000215610;ENSMUST00000215610.2;ENSMUSG00000009927.10;0;0
ENSMUSG00000009927;ENSMUST00000216076;ENSMUST00000216076.2;ENSMUSG00000009927.10;0;0
ENSMUSG00000010376;ENSMUST00000010520;ENSMUST00000010520.10;ENSMUSG00000010376.16;0;0
ENSMUSG00000010376;ENSMUST00000227250;ENSMUST00000227250.2;ENSMUSG00000010376.16;0;0
ENSMUSG00000010406;ENSMUST00000010550;ENSMUST00000010550.12;ENSMUSG00000010406.13;5,06E+03;0
ENSMUSG00000010406;ENSMUST00000199195;ENSMUST00000199195.3;ENSMUSG00000010406.13;5,06E+03;0
ENSMUSG00000012405;ENSMUST00000079419;ENSMUST00000079419.12;ENSMUSG00000012405.17;0;1,74E-16
ENSMUSG00000012405;ENSMUST00000100799;ENSMUST00000100799.9;ENSMUSG00000012405.17;0;0.0076560284023713
ENSMUSG00000012405;ENSMUST00000147121;ENSMUST00000147121.2;ENSMUSG00000012405.17;0;1,79E-26
ENSMUSG00000012405;ENSMUST00000224196;ENSMUST00000224196.2;ENSMUSG00000012405.17;0;4,62E-25
ENSMUSG00000012848;ENSMUST00000004554;ENSMUST00000004554.14;ENSMUSG00000012848.16;0;2,25E-144
ENSMUSG00000012848;ENSMUST00000108539;ENSMUST00000108539.8;ENSMUSG00000012848.16;0;2,99E+08
ENSMUSG00000012848;ENSMUST00000137329;ENSMUST00000137329.4;ENSMUSG00000012848.16;0;3,27E+01
ENSMUSG00000012848;ENSMUST00000139349;ENSMUST00000139349.3;ENSMUSG00000012848.16;0;1,90E-42
ENSMUSG00000013701;ENSMUST00000013845;ENSMUST00000013845.13;ENSMUSG00000013701.14;0;0
ENSMUSG00000013701;ENSMUST00000168139;ENSMUST00000168139.8;ENSMUSG00000013701.14;0;0
ENSMUSG00000014313;ENSMUST00000014457;ENSMUST00000014457.15;ENSMUSG00000014313.16;0;8,56E-102
ENSMUSG00000014313;ENSMUST00000127999;ENSMUST00000127999.2;ENSMUSG00000014313.16;0;6,12E-27
ENSMUSG00000014313;ENSMUST00000153512;ENSMUST00000153512.2;ENSMUSG00000014313.16;0;1,04E-19
ENSMUSG00000014313;ENSMUST00000156915;ENSMUST00000156915.3;ENSMUSG00000014313.16;0;7,41E-04
ENSMUSG00000015575;ENSMUST00000015719;ENSMUST00000015719.16;ENSMUSG00000015575.16;0;0
ENSMUSG00000015575;ENSMUST00000236867;ENSMUST00000236867.2;ENSMUSG00000015575.16;0;0
ENSMUSG00000015656;ENSMUST00000015800;ENSMUST00000015800.16;ENSMUSG00000015656.18;0;5,39E+07
ENSMUSG00000015656;ENSMUST00000117557;ENSMUST00000117557.8;ENSMUSG00000015656.18;0;0.00134344019192364
ENSMUSG00000015656;ENSMUST00000149936;ENSMUST00000149936.2;ENSMUSG00000015656.18;0;3,83E-138
ENSMUSG00000015837;ENSMUST00000102774;ENSMUST00000102774.11;ENSMUSG00000015837.16;0;0
ENSMUSG00000015837;ENSMUST00000136936;ENSMUST00000136936.2;ENSMUSG00000015837.16;0;0
ENSMUSG00000015950;ENSMUST00000016094;ENSMUST00000016094.13;ENSMUSG00000015950.14;0;1,29E+03
ENSMUSG00000015950;ENSMUST00000111275;ENSMUST00000111275.8;ENSMUSG00000015950.14;0;3,88E-03
ENSMUSG00000015950;ENSMUST00000139249;ENSMUST00000139249.9;ENSMUSG00000015950.14;0;1,02E-07
ENSMUSG00000015950;ENSMUST00000182626;ENSMUST00000182626.2;ENSMUSG00000015950.14;0;1,01E-44
ENSMUSG00000016252;ENSMUST00000016396;ENSMUST00000016396.8;ENSMUSG00000016252.8;0;0
ENSMUSG00000016252;ENSMUST00000149191;ENSMUST00000149191.2;ENSMUSG00000016252.8;0;0
ENSMUSG00000016319;ENSMUST00000016463;ENSMUST00000016463.4;ENSMUSG00000016319.4;1,57E+08;0
ENSMUSG00000016319;ENSMUST00000156672;ENSMUST00000156672.2;ENSMUSG00000016319.4;1,57E+08;0
ENSMUSG00000017404;ENSMUST00000017548;ENSMUST00000017548.7;ENSMUSG00000017404.13;0.0050339101651752;0
ENSMUSG00000017404;ENSMUST00000092425;ENSMUST00000092425.11;ENSMUSG00000017404.13;0.0050339101651752;0
ENSMUSG00000017631;ENSMUST00000094012;ENSMUST00000094012.11;ENSMUSG00000017631.20;0.0407774988200525;0
ENSMUSG00000017631;ENSMUST00000238684;ENSMUST00000238684.2;ENSMUSG00000017631.20;0.0407774988200525;0
ENSMUSG00000017754;ENSMUST00000059954;ENSMUST00000059954.14;ENSMUSG00000017754.14;3,29E+05;0.00233146418864237
ENSMUSG00000017754;ENSMUST00000109317;ENSMUST00000109317.10;ENSMUSG00000017754.14;3,29E+05;8,36E+04
ENSMUSG00000017778;ENSMUST00000078764;ENSMUST00000078764.9;ENSMUSG00000017778.15;0;0
ENSMUSG00000017778;ENSMUST00000131011;ENSMUST00000131011.2;ENSMUSG00000017778.15;0;0
ENSMUSG00000018293;ENSMUST00000018437;ENSMUST00000018437.3;ENSMUSG00000018293.5;0;0
ENSMUSG00000018293;ENSMUST00000178254;ENSMUST00000178254.2;ENSMUSG00000018293.5;0;0
ENSMUSG00000018567;ENSMUST00000018711;ENSMUST00000018711.15;ENSMUSG00000018567.15;0;8,58E-64
ENSMUSG00000018567;ENSMUST00000108592;ENSMUST00000108592.2;ENSMUSG00000018567.15;0;5,97E-44
ENSMUSG00000018567;ENSMUST00000144443;ENSMUST00000144443.2;ENSMUSG00000018567.15;0;1,80E-26
ENSMUSG00000018585;ENSMUST00000108857;ENSMUST00000108857.2;ENSMUSG00000018585.10;1,44E+01;0
ENSMUSG00000018585;ENSMUST00000138412;ENSMUST00000138412.2;ENSMUSG00000018585.10;1,44E+01;0
ENSMUSG00000018774;ENSMUST00000018918;ENSMUST00000018918.12;ENSMUSG00000018774.14;0;0
ENSMUSG00000018774;ENSMUST00000154124;ENSMUST00000154124.2;ENSMUSG00000018774.14;0;0
ENSMUSG00000018796;ENSMUST00000034046;ENSMUST00000034046.13;ENSMUSG00000018796.14;0;0
ENSMUSG00000018796;ENSMUST00000110372;ENSMUST00000110372.9;ENSMUSG00000018796.14;0;0
ENSMUSG00000018819;ENSMUST00000038946;ENSMUST00000038946.9;ENSMUSG00000018819.11;0.0236469486369784;0
ENSMUSG00000018819;ENSMUST00000105967;ENSMUST00000105967.8;ENSMUSG00000018819.11;0.0236469486369784;0
ENSMUSG00000018899;ENSMUST00000019043;ENSMUST00000019043.13;ENSMUSG00000018899.18;0.0385507090968173;0
ENSMUSG00000018899;ENSMUST00000108920;ENSMUST00000108920.10;ENSMUSG00000018899.18;0.0385507090968173;0
ENSMUSG00000018920;ENSMUST00000126391;ENSMUST00000126391.2;ENSMUSG00000018920.12;0.0197156683690817;0
ENSMUSG00000018920;ENSMUST00000154475;ENSMUST00000154475.2;ENSMUSG00000018920.12;0.0197156683690817;0
ENSMUSG00000019054;ENSMUST00000019198;ENSMUST00000019198.7;ENSMUSG00000019054.14;0;0
ENSMUSG00000019054;ENSMUST00000111094;ENSMUST00000111094.8;ENSMUSG00000019054.14;0;0
ENSMUSG00000019087;ENSMUST00000019231;ENSMUST00000019231.12;ENSMUSG00000019087.14;3,97E+08;0
ENSMUSG00000019087;ENSMUST00000114171;ENSMUST00000114171.10;ENSMUSG00000019087.14;3,97E+08;0
ENSMUSG00000019122;ENSMUST00000019266;ENSMUST00000019266.6;ENSMUSG00000019122.9;0;0
ENSMUSG00000019122;ENSMUST00000136131;ENSMUST00000136131.2;ENSMUSG00000019122.9;0;0
ENSMUSG00000019210;ENSMUST00000019354;ENSMUST00000019354.11;ENSMUSG00000019210.11;0;0
ENSMUSG00000019210;ENSMUST00000203783;ENSMUST00000203783.3;ENSMUSG00000019210.11;0;0
ENSMUSG00000019370;ENSMUST00000019514;ENSMUST00000019514.10;ENSMUSG00000019370.11;0;0
ENSMUSG00000019370;ENSMUST00000173139;ENSMUST00000173139.2;ENSMUSG00000019370.11;0;0
ENSMUSG00000019428;ENSMUST00000119698;ENSMUST00000119698.8;ENSMUSG00000019428.17;0.014872230446862;0.00534135233986856
ENSMUSG00000019505;ENSMUST00000019649;ENSMUST00000019649.4;ENSMUSG00000019505.8;0;0
ENSMUSG00000019505;ENSMUST00000136938;ENSMUST00000136938.2;ENSMUSG00000019505.8;0;0
ENSMUSG00000020053;ENSMUST00000122100;ENSMUST00000122100.3;ENSMUSG00000020053.19;7,40E+09;0
ENSMUSG00000020053;ENSMUST00000122386;ENSMUST00000122386.8;ENSMUSG00000020053.19;7,40E+09;0
ENSMUSG00000020120;ENSMUST00000020321;ENSMUST00000020321.13;ENSMUSG00000020120.16;1,10E+08;0
ENSMUSG00000020120;ENSMUST00000102881;ENSMUST00000102881.10;ENSMUSG00000020120.16;1,10E+08;0
ENSMUSG00000020153;ENSMUST00000105364;ENSMUST00000105364.8;ENSMUSG00000020153.15;6,93E+05;0.00113225774870826
ENSMUSG00000020153;ENSMUST00000157063;ENSMUST00000157063.2;ENSMUSG00000020153.15;6,93E+05;1,80E+05
ENSMUSG00000020163;ENSMUST00000020372;ENSMUST00000020372.6;ENSMUSG00000020163.13;0;0
ENSMUSG00000020163;ENSMUST00000141683;ENSMUST00000141683.2;ENSMUSG00000020163.13;0;0
ENSMUSG00000020250;ENSMUST00000219442;ENSMUST00000219442.3;ENSMUSG00000020250.12;3,30E+04;0.0156264487728507
ENSMUSG00000020250;ENSMUST00000219962;ENSMUST00000219962.3;ENSMUSG00000020250.12;3,30E+04;1,61E+04
ENSMUSG00000020358;ENSMUST00000101249;ENSMUST00000101249.9;ENSMUSG00000020358.18;0;1,59E+05
ENSMUSG00000020358;ENSMUST00000109103;ENSMUST00000109103.4;ENSMUSG00000020358.18;0;2,27E-07
ENSMUSG00000020372;ENSMUST00000125166;ENSMUST00000125166.2;ENSMUSG00000020372.16;0;2,19E-16
ENSMUSG00000020372;ENSMUST00000136849;ENSMUST00000136849.2;ENSMUSG00000020372.16;0;1,17E-42
ENSMUSG00000020372;ENSMUST00000139959;ENSMUST00000139959.8;ENSMUSG00000020372.16;0;6,53E-55
ENSMUSG00000020400;ENSMUST00000102730;ENSMUST00000102730.9;ENSMUSG00000020400.18;1,05E+09;0.000202314411629862
ENSMUSG00000020400;ENSMUST00000108889;ENSMUST00000108889.10;ENSMUSG00000020400.18;1,05E+09;9,11E+08
ENSMUSG00000020458;ENSMUST00000060992;ENSMUST00000060992.6;ENSMUSG00000020458.17;5,96E+00;0.00352741561426653
ENSMUSG00000020458;ENSMUST00000102841;ENSMUST00000102841.8;ENSMUSG00000020458.17;5,96E+00;0.00352741561426653
ENSMUSG00000020458;ENSMUST00000102842;ENSMUST00000102842.10;ENSMUSG00000020458.17;5,96E+00;2,28E+06
ENSMUSG00000020458;ENSMUST00000102843;ENSMUST00000102843.10;ENSMUSG00000020458.17;5,96E+00;0.00200776489133041
ENSMUSG00000020458;ENSMUST00000126162;ENSMUST00000126162.2;ENSMUSG00000020458.17;5,96E+00;3,83E+00
ENSMUSG00000020460;ENSMUST00000102844;ENSMUST00000102844.4;ENSMUSG00000020460.16;0;2,86E+00
ENSMUSG00000020460;ENSMUST00000102845;ENSMUST00000102845.11;ENSMUSG00000020460.16;0;4,18E+09
ENSMUSG00000020460;ENSMUST00000147782;ENSMUST00000147782.2;ENSMUSG00000020460.16;0;1,20E-91
ENSMUSG00000020460;ENSMUST00000150739;ENSMUST00000150739.2;ENSMUSG00000020460.16;0;2,80E-41
ENSMUSG00000020708;ENSMUST00000021049;ENSMUST00000021049.9;ENSMUSG00000020708.13;4,26E-01;0
ENSMUSG00000020708;ENSMUST00000133131;ENSMUST00000133131.2;ENSMUSG00000020708.13;4,26E-01;0
ENSMUSG00000020719;ENSMUST00000021062;ENSMUST00000021062.12;ENSMUSG00000020719.15;1,34E+08;0
ENSMUSG00000020719;ENSMUST00000133426;ENSMUST00000133426.8;ENSMUSG00000020719.15;1,34E+08;0
ENSMUSG00000020857;ENSMUST00000021217;ENSMUST00000021217.11;ENSMUSG00000020857.12;0;0
ENSMUSG00000020857;ENSMUST00000072566;ENSMUST00000072566.5;ENSMUSG00000020857.12;0;0
ENSMUSG00000021024;ENSMUST00000021412;ENSMUST00000021412.9;ENSMUSG00000021024.15;0;0
ENSMUSG00000021024;ENSMUST00000162711;ENSMUST00000162711.2;ENSMUSG00000021024.15;0;0
ENSMUSG00000021270;ENSMUST00000021698;ENSMUST00000021698.13;ENSMUSG00000021270.14;1,29E+06;0
ENSMUSG00000021270;ENSMUST00000155242;ENSMUST00000155242.8;ENSMUSG00000021270.14;1,29E+06;0
ENSMUSG00000021281;ENSMUST00000102745;ENSMUST00000102745.10;ENSMUSG00000021281.16;0;7,43E-03
ENSMUSG00000021281;ENSMUST00000129467;ENSMUST00000129467.2;ENSMUSG00000021281.16;0;1,03E+02
ENSMUSG00000021281;ENSMUST00000156003;ENSMUST00000156003.8;ENSMUSG00000021281.16;0;2,40E-36
ENSMUSG00000021322;ENSMUST00000021757;ENSMUST00000021757.5;ENSMUSG00000021322.9;0.000685111706566384;0
ENSMUSG00000021322;ENSMUST00000223364;ENSMUST00000223364.2;ENSMUSG00000021322.9;0.000685111706566384;0
ENSMUSG00000021486;ENSMUST00000021942;ENSMUST00000021942.8;ENSMUSG00000021486.8;0;0
ENSMUSG00000021486;ENSMUST00000224220;ENSMUST00000224220.2;ENSMUSG00000021486.8;0;0
ENSMUSG00000021660;ENSMUST00000022163;ENSMUST00000022163.15;ENSMUSG00000021660.15;0;1,75E-09
ENSMUSG00000021660;ENSMUST00000133461;ENSMUST00000133461.2;ENSMUSG00000021660.15;0;4,35E-14
ENSMUSG00000021660;ENSMUST00000152704;ENSMUST00000152704.8;ENSMUSG00000021660.15;0;2,51E-05
ENSMUSG00000021759;ENSMUST00000016144;ENSMUST00000016144.12;ENSMUSG00000021759.15;6,17E+04;0
ENSMUSG00000021759;ENSMUST00000070951;ENSMUST00000070951.8;ENSMUSG00000021759.15;6,17E+04;0
ENSMUSG00000021892;ENSMUST00000091903;ENSMUST00000091903.5;ENSMUSG00000021892.15;0.00104393785134591;0
ENSMUSG00000021892;ENSMUST00000100730;ENSMUST00000100730.10;ENSMUSG00000021892.15;0.00104393785134591;0
ENSMUSG00000021939;ENSMUST00000006235;ENSMUST00000006235.9;ENSMUSG00000021939.9;0;0
ENSMUSG00000021939;ENSMUST00000225540;ENSMUST00000225540.2;ENSMUSG00000021939.9;0;0
ENSMUSG00000021948;ENSMUST00000112210;ENSMUST00000112210.11;ENSMUSG00000021948.18;3,38E+06;0.000196674916768501
ENSMUSG00000021948;ENSMUST00000140701;ENSMUST00000140701.2;ENSMUSG00000021948.18;3,38E+06;1,80E+06
ENSMUSG00000021996;ENSMUST00000175887;ENSMUST00000175887.8;ENSMUSG00000021996.17;0;5,67E-62
ENSMUSG00000021996;ENSMUST00000176957;ENSMUST00000176957.8;ENSMUSG00000021996.17;0;3,19E-96
ENSMUSG00000021996;ENSMUST00000177283;ENSMUST00000177283.8;ENSMUSG00000021996.17;0;1,69E-36
ENSMUSG00000021998;ENSMUST00000124499;ENSMUST00000124499.8;ENSMUSG00000021998.17;4,92E+00;1,09E+01
ENSMUSG00000021998;ENSMUST00000145303;ENSMUST00000145303.8;ENSMUSG00000021998.17;4,92E+00;3,35E+06
ENSMUSG00000022108;ENSMUST00000022704;ENSMUST00000022704.9;ENSMUSG00000022108.9;0.00998481657650518;0
ENSMUSG00000022108;ENSMUST00000226722;ENSMUST00000226722.2;ENSMUSG00000022108.9;0.00998481657650518;0
ENSMUSG00000022148;ENSMUST00000090461;ENSMUST00000090461.12;ENSMUSG00000022148.17;0;0
ENSMUSG00000022148;ENSMUST00000162154;ENSMUST00000162154.2;ENSMUSG00000022148.17;0;0
ENSMUSG00000022193;ENSMUST00000022803;ENSMUST00000022803.6;ENSMUSG00000022193.8;0;0
ENSMUSG00000022193;ENSMUST00000227257;ENSMUST00000227257.2;ENSMUSG00000022193.8;0;0
ENSMUSG00000022216;ENSMUST00000173544;ENSMUST00000173544.2;ENSMUSG00000022216.18;0;1,67E-19
ENSMUSG00000022216;ENSMUST00000174259;ENSMUST00000174259.8;ENSMUSG00000022216.18;0;5,86E-66
ENSMUSG00000022216;ENSMUST00000174419;ENSMUST00000174419.2;ENSMUSG00000022216.18;0;2,31E-37
ENSMUSG00000022283;ENSMUST00000001809;ENSMUST00000001809.15;ENSMUSG00000022283.16;0;0
ENSMUSG00000022283;ENSMUST00000156793;ENSMUST00000156793.2;ENSMUSG00000022283.16;0;0
ENSMUSG00000022285;ENSMUST00000022894;ENSMUST00000022894.14;ENSMUSG00000022285.18;9,22E+04;0
ENSMUSG00000022285;ENSMUST00000110362;ENSMUST00000110362.4;ENSMUSG00000022285.18;9,22E+04;0
ENSMUSG00000022351;ENSMUST00000022977;ENSMUST00000022977.14;ENSMUSG00000022351.15;7,42E+03;0
ENSMUSG00000022351;ENSMUST00000100640;ENSMUST00000100640.5;ENSMUSG00000022351.15;7,42E+03;0
ENSMUSG00000022403;ENSMUST00000023039;ENSMUST00000023039.15;ENSMUSG00000022403.16;7,19E-02;0
ENSMUSG00000022403;ENSMUST00000172107;ENSMUST00000172107.8;ENSMUSG00000022403.16;7,19E-02;0
ENSMUSG00000022452;ENSMUST00000023086;ENSMUST00000023086.15;ENSMUSG00000022452.17;0;0
ENSMUSG00000022452;ENSMUST00000160994;ENSMUST00000160994.8;ENSMUSG00000022452.17;0;0
ENSMUSG00000022463;ENSMUST00000023100;ENSMUST00000023100.8;ENSMUSG00000022463.9;0.0391924615716404;0
ENSMUSG00000022463;ENSMUST00000230105;ENSMUST00000230105.2;ENSMUSG00000022463.9;0.0391924615716404;0
ENSMUSG00000022575;ENSMUST00000023238;ENSMUST00000023238.6;ENSMUSG00000022575.6;0;0
ENSMUSG00000022575;ENSMUST00000231170;ENSMUST00000231170.2;ENSMUSG00000022575.6;0;0
ENSMUSG00000022587;ENSMUST00000186927;ENSMUST00000186927.2;ENSMUSG00000022587.16;0;0
ENSMUSG00000022587;ENSMUST00000188503;ENSMUST00000188503.2;ENSMUSG00000022587.16;0;0
ENSMUSG00000022822;ENSMUST00000079158;ENSMUST00000079158.13;ENSMUSG00000022822.17;4,85E+05;0
ENSMUSG00000022822;ENSMUST00000134962;ENSMUST00000134962.2;ENSMUSG00000022822.17;4,85E+05;0
ENSMUSG00000022831;ENSMUST00000023531;ENSMUST00000023531.15;ENSMUSG00000022831.15;0;0
ENSMUSG00000022831;ENSMUST00000164050;ENSMUST00000164050.8;ENSMUSG00000022831.15;0;0
ENSMUSG00000022841;ENSMUST00000090023;ENSMUST00000090023.13;ENSMUSG00000022841.16;0;3,00E-22
ENSMUSG00000022841;ENSMUST00000126788;ENSMUST00000126788.9;ENSMUSG00000022841.16;0;5,61E+02
ENSMUSG00000022841;ENSMUST00000131203;ENSMUST00000131203.2;ENSMUSG00000022841.16;0;0.000348952344673134
ENSMUSG00000022841;ENSMUST00000134981;ENSMUST00000134981.8;ENSMUSG00000022841.16;0;5,36E+04
ENSMUSG00000022969;ENSMUST00000023691;ENSMUST00000023691.12;ENSMUSG00000022969.14;5,55E+06;0
ENSMUSG00000022969;ENSMUST00000156133;ENSMUST00000156133.8;ENSMUSG00000022969.14;5,55E+06;0
ENSMUSG00000022971;ENSMUST00000023693;ENSMUST00000023693.14;ENSMUSG00000022971.19;0.00285029043637982;0
ENSMUSG00000022971;ENSMUST00000117836;ENSMUST00000117836.8;ENSMUSG00000022971.19;0.00285029043637982;0
ENSMUSG00000022982;ENSMUST00000023707;ENSMUST00000023707.11;ENSMUSG00000022982.11;0;0
ENSMUSG00000022982;ENSMUST00000232505;ENSMUST00000232505.2;ENSMUSG00000022982.11;0;0
ENSMUSG00000023010;ENSMUST00000023749;ENSMUST00000023749.15;ENSMUSG00000023010.16;5,38E+09;0
ENSMUSG00000023010;ENSMUST00000161250;ENSMUST00000161250.8;ENSMUSG00000023010.16;5,38E+09;0
ENSMUSG00000023048;ENSMUST00000023810;ENSMUST00000023810.12;ENSMUSG00000023048.14;0.000435498842924663;0.000135432029143131
ENSMUSG00000023048;ENSMUST00000171245;ENSMUST00000171245.8;ENSMUSG00000023048.14;0.000435498842924663;0.0110000374676513
ENSMUSG00000023067;ENSMUST00000023829;ENSMUST00000023829.8;ENSMUSG00000023067.15;0.00999115237349424;0
ENSMUSG00000023067;ENSMUST00000233296;ENSMUST00000233296.2;ENSMUSG00000023067.15;0.00999115237349424;0
ENSMUSG00000023175;ENSMUST00000105381;ENSMUST00000105381.5;ENSMUSG00000023175.16;0;1,95E-02
ENSMUSG00000023175;ENSMUST00000178383;ENSMUST00000178383.8;ENSMUSG00000023175.16;0;1,80E-07
ENSMUSG00000023175;ENSMUST00000179781;ENSMUST00000179781.8;ENSMUSG00000023175.16;0;4,29E-39
ENSMUSG00000023904;ENSMUST00000024697;ENSMUST00000024697.5;ENSMUSG00000023904.11;0.00328711240939469;0
ENSMUSG00000023904;ENSMUST00000180140;ENSMUST00000180140.8;ENSMUSG00000023904.11;0.00328711240939469;0
ENSMUSG00000023944;ENSMUST00000024739;ENSMUST00000024739.14;ENSMUSG00000023944.15;0;9,87E-15
ENSMUSG00000023944;ENSMUST00000151306;ENSMUST00000151306.2;ENSMUSG00000023944.15;0;6,51E-04
ENSMUSG00000023944;ENSMUST00000163966;ENSMUST00000163966.8;ENSMUSG00000023944.15;0;3,34E-29
ENSMUSG00000023947;ENSMUST00000024742;ENSMUST00000024742.9;ENSMUSG00000023947.9;1,38E+01;3,98E+08
ENSMUSG00000023947;ENSMUST00000233379;ENSMUST00000233379.2;ENSMUSG00000023947.9;1,38E+01;0.000151510858157672
ENSMUSG00000023947;ENSMUST00000233929;ENSMUST00000233929.2;ENSMUSG00000023947.9;1,38E+01;3,01E+00
ENSMUSG00000023992;ENSMUST00000024791;ENSMUST00000024791.15;ENSMUSG00000023992.15;1,43E-01;0
ENSMUSG00000023992;ENSMUST00000113237;ENSMUST00000113237.4;ENSMUSG00000023992.15;1,43E-01;0
ENSMUSG00000024121;ENSMUST00000024932;ENSMUST00000024932.12;ENSMUSG00000024121.14;0;3,34E-03
ENSMUSG00000024121;ENSMUST00000098862;ENSMUST00000098862.9;ENSMUSG00000024121.14;0;3,84E-05
ENSMUSG00000024121;ENSMUST00000151061;ENSMUST00000151061.2;ENSMUSG00000024121.14;0;1,00E+07
ENSMUSG00000024190;ENSMUST00000025025;ENSMUST00000025025.7;ENSMUSG00000024190.8;0.002487215109111;0.00166189409284705
ENSMUSG00000024190;ENSMUST00000126178;ENSMUST00000126178.2;ENSMUSG00000024190.8;0.002487215109111;0.0308816827462344
ENSMUSG00000024190;ENSMUST00000235532;ENSMUST00000235532.2;ENSMUSG00000024190.8;0.002487215109111;0.0163945674343068
ENSMUSG00000024190;ENSMUST00000236661;ENSMUST00000236661.2;ENSMUSG00000024190.8;0.002487215109111;0.0308816827462344
ENSMUSG00000024248;ENSMUST00000025095;ENSMUST00000025095.9;ENSMUSG00000024248.15;0;0
ENSMUSG00000024248;ENSMUST00000167741;ENSMUST00000167741.9;ENSMUSG00000024248.15;0;0
ENSMUSG00000024300;ENSMUST00000087605;ENSMUST00000087605.13;ENSMUSG00000024300.18;0.00115090835472814;0.000373813894706825
ENSMUSG00000024300;ENSMUST00000173426;ENSMUST00000173426.2;ENSMUSG00000024300.18;0.00115090835472814;0.0134802194002304
ENSMUSG00000024338;ENSMUST00000025196;ENSMUST00000025196.9;ENSMUSG00000024338.16;0;6,17E-65
ENSMUSG00000024338;ENSMUST00000172960;ENSMUST00000172960.2;ENSMUSG00000024338.16;0;7,23E-02
ENSMUSG00000024338;ENSMUST00000236557;ENSMUST00000236557.2;ENSMUSG00000024338.16;0;7,81E-13
ENSMUSG00000024338;ENSMUST00000237106;ENSMUST00000237106.2;ENSMUSG00000024338.16;0;1,00E-22
ENSMUSG00000024401;ENSMUST00000025263;ENSMUST00000025263.15;ENSMUSG00000024401.15;0;0
ENSMUSG00000024401;ENSMUST00000167924;ENSMUST00000167924.2;ENSMUSG00000024401.15;0;0
ENSMUSG00000024425;ENSMUST00000236085;ENSMUST00000236085.2;ENSMUSG00000024425.5;0;0
ENSMUSG00000024425;ENSMUST00000236480;ENSMUST00000236480.2;ENSMUSG00000024425.5;0;0
ENSMUSG00000024474;ENSMUST00000007042;ENSMUST00000007042.6;ENSMUSG00000024474.8;0.0158398315276341;0
ENSMUSG00000024474;ENSMUST00000224284;ENSMUST00000224284.3;ENSMUSG00000024474.8;0.0158398315276341;0
ENSMUSG00000024576;ENSMUST00000165123;ENSMUST00000165123.8;ENSMUSG00000024576.15;0.0278744726596051;0
ENSMUSG00000024576;ENSMUST00000165721;ENSMUST00000165721.8;ENSMUSG00000024576.15;0.0278744726596051;0
ENSMUSG00000024608;ENSMUST00000025511;ENSMUST00000025511.11;ENSMUSG00000024608.12;0;1,38E-03
ENSMUSG00000024608;ENSMUST00000118551;ENSMUST00000118551.8;ENSMUSG00000024608.12;0;1,65E-53
ENSMUSG00000024608;ENSMUST00000122279;ENSMUST00000122279.2;ENSMUSG00000024608.12;0;4,10E-52
ENSMUSG00000024608;ENSMUST00000137400;ENSMUST00000137400.8;ENSMUSG00000024608.12;0;2,22E+01
ENSMUSG00000024608;ENSMUST00000235603;ENSMUST00000235603.2;ENSMUSG00000024608.12;0;9,37E+03
ENSMUSG00000024608;ENSMUST00000235966;ENSMUST00000235966.2;ENSMUSG00000024608.12;0;7,89E-03
ENSMUSG00000024610;ENSMUST00000050487;ENSMUST00000050487.16;ENSMUSG00000024610.16;5,57E+05;0
ENSMUSG00000024610;ENSMUST00000097563;ENSMUST00000097563.9;ENSMUSG00000024610.16;5,57E+05;0
ENSMUSG00000024621;ENSMUST00000025523;ENSMUST00000025523.13;ENSMUSG00000024621.17;3,55E+02;0
ENSMUSG00000024621;ENSMUST00000235447;ENSMUST00000235447.2;ENSMUSG00000024621.17;3,55E+02;0
ENSMUSG00000024644;ENSMUST00000168419;ENSMUST00000168419.3;ENSMUSG00000024644.18;0.018654525435282;0.0226209602577768
ENSMUSG00000024644;ENSMUST00000236415;ENSMUST00000236415.2;ENSMUSG00000024644.18;0.018654525435282;0.00677567443369908
ENSMUSG00000024659;ENSMUST00000025561;ENSMUST00000025561.8;ENSMUSG00000024659.16;0.0171312219229507;0
ENSMUSG00000024659;ENSMUST00000235280;ENSMUST00000235280.2;ENSMUSG00000024659.16;0.0171312219229507;0
ENSMUSG00000024661;ENSMUST00000025563;ENSMUST00000025563.8;ENSMUSG00000024661.8;0;6,39E-149
ENSMUSG00000024661;ENSMUST00000235129;ENSMUST00000235129.2;ENSMUSG00000024661.8;0;0
ENSMUSG00000024661;ENSMUST00000235196;ENSMUST00000235196.2;ENSMUSG00000024661.8;0;0
ENSMUSG00000024661;ENSMUST00000235407;ENSMUST00000235407.2;ENSMUSG00000024661.8;0;0
ENSMUSG00000024672;ENSMUST00000056035;ENSMUST00000056035.9;ENSMUSG00000024672.12;0;0
ENSMUSG00000024672;ENSMUST00000159269;ENSMUST00000159269.2;ENSMUSG00000024672.12;0;0
ENSMUSG00000024696;ENSMUST00000025601;ENSMUST00000025601.8;ENSMUSG00000024696.10;0.0378524611511694;0
ENSMUSG00000024696;ENSMUST00000235690;ENSMUST00000235690.2;ENSMUSG00000024696.10;0.0378524611511694;0
ENSMUSG00000024725;ENSMUST00000156908;ENSMUST00000156908.8;ENSMUSG00000024725.14;0;0
ENSMUSG00000024725;ENSMUST00000236728;ENSMUST00000236728.2;ENSMUSG00000024725.14;0;0
ENSMUSG00000024778;ENSMUST00000025691;ENSMUST00000025691.13;ENSMUSG00000024778.14;2,70E+04;0
ENSMUSG00000024778;ENSMUST00000112472;ENSMUST00000112472.4;ENSMUSG00000024778.14;2,70E+04;0
ENSMUSG00000024835;ENSMUST00000008893;ENSMUST00000008893.9;ENSMUSG00000024835.16;7,30E+02;1,69E+02
ENSMUSG00000024835;ENSMUST00000236023;ENSMUST00000236023.2;ENSMUSG00000024835.16;7,30E+02;5,49E+05
ENSMUSG00000024835;ENSMUST00000236397;ENSMUST00000236397.2;ENSMUSG00000024835.16;7,30E+02;0.000978659800780056
ENSMUSG00000024858;ENSMUST00000025791;ENSMUST00000025791.12;ENSMUSG00000024858.15;0.0108702097149544;0
ENSMUSG00000024858;ENSMUST00000088737;ENSMUST00000088737.11;ENSMUSG00000024858.15;0.0108702097149544;0
ENSMUSG00000024953;ENSMUST00000025904;ENSMUST00000025904.12;ENSMUSG00000024953.18;0;1,69E-148
ENSMUSG00000024953;ENSMUST00000145300;ENSMUST00000145300.2;ENSMUSG00000024953.18;0;4,35E-35
ENSMUSG00000024953;ENSMUST00000149261;ENSMUST00000149261.8;ENSMUSG00000024953.18;0;2,33E-07
ENSMUSG00000024953;ENSMUST00000238095;ENSMUST00000238095.2;ENSMUSG00000024953.18;0;5,99E-80
ENSMUSG00000025044;ENSMUST00000026021;ENSMUST00000026021.14;ENSMUSG00000025044.17;0.000175278926265288;0
ENSMUSG00000025044;ENSMUST00000170091;ENSMUST00000170091.3;ENSMUSG00000025044.17;0.000175278926265288;0
ENSMUSG00000025130;ENSMUST00000026122;ENSMUST00000026122.11;ENSMUSG00000025130.12;0;0
ENSMUSG00000025130;ENSMUST00000166620;ENSMUST00000166620.2;ENSMUSG00000025130.12;0;0
ENSMUSG00000025132;ENSMUST00000067936;ENSMUST00000067936.6;ENSMUSG00000025132.14;0.00113180203473898;0
ENSMUSG00000025132;ENSMUST00000106197;ENSMUST00000106197.10;ENSMUSG00000025132.14;0.00113180203473898;0
ENSMUSG00000025228;ENSMUST00000040270;ENSMUST00000040270.6;ENSMUSG00000025228.6;3,38E+07;0
ENSMUSG00000025228;ENSMUST00000237742;ENSMUST00000237742.2;ENSMUSG00000025228.6;3,38E+07;0
ENSMUSG00000025283;ENSMUST00000026318;ENSMUST00000026318.15;ENSMUSG00000025283.16;0;0
ENSMUSG00000025283;ENSMUST00000112551;ENSMUST00000112551.4;ENSMUSG00000025283.16;0;0
ENSMUSG00000025290;ENSMUST00000112384;ENSMUST00000112384.10;ENSMUSG00000025290.18;0;6,53E-03
ENSMUSG00000025290;ENSMUST00000169826;ENSMUST00000169826.3;ENSMUSG00000025290.18;0;6,28E-76
ENSMUSG00000025290;ENSMUST00000223931;ENSMUST00000223931.2;ENSMUSG00000025290.18;0;8,47E-81
ENSMUSG00000025290;ENSMUST00000224569;ENSMUST00000224569.2;ENSMUSG00000025290.18;0;3,05E-80
ENSMUSG00000025290;ENSMUST00000224699;ENSMUST00000224699.2;ENSMUSG00000025290.18;0;2,90E-13
ENSMUSG00000025351;ENSMUST00000026407;ENSMUST00000026407.9;ENSMUSG00000025351.15;0;1,70E-11
ENSMUSG00000025351;ENSMUST00000105229;ENSMUST00000105229.9;ENSMUSG00000025351.15;0;6,14E-01
ENSMUSG00000025351;ENSMUST00000219317;ENSMUST00000219317.2;ENSMUSG00000025351.15;0;3,61E+04
ENSMUSG00000025351;ENSMUST00000220308;ENSMUST00000220308.2;ENSMUSG00000025351.15;0;9,62E-37
ENSMUSG00000025362;ENSMUST00000026420;ENSMUST00000026420.7;ENSMUSG00000025362.7;0.000540308835790655;0
ENSMUSG00000025362;ENSMUST00000219591;ENSMUST00000219591.2;ENSMUSG00000025362.7;0.000540308835790655;0
ENSMUSG00000025393;ENSMUST00000125992;ENSMUST00000125992.2;ENSMUSG00000025393.13;0;3,83E-01
ENSMUSG00000025393;ENSMUST00000126040;ENSMUST00000126040.8;ENSMUSG00000025393.13;0;7,63E+05
ENSMUSG00000025393;ENSMUST00000126751;ENSMUST00000126751.2;ENSMUSG00000025393.13;0;3,86E-03
ENSMUSG00000025428;ENSMUST00000026495;ENSMUST00000026495.15;ENSMUSG00000025428.16;0;2,15E+06
ENSMUSG00000025428;ENSMUST00000146869;ENSMUST00000146869.2;ENSMUSG00000025428.16;0;4,26E-37
ENSMUSG00000025508;ENSMUST00000106003;ENSMUST00000106003.2;ENSMUSG00000025508.14;7,61E+05;0
ENSMUSG00000025508;ENSMUST00000106004;ENSMUST00000106004.8;ENSMUSG00000025508.14;7,61E+05;0
ENSMUSG00000025534;ENSMUST00000026613;ENSMUST00000026613.14;ENSMUSG00000025534.18;0.00172611530631507;0
ENSMUSG00000025534;ENSMUST00000201801;ENSMUST00000201801.4;ENSMUSG00000025534.18;0.00172611530631507;0
ENSMUSG00000025646;ENSMUST00000160217;ENSMUST00000160217.8;ENSMUSG00000025646.10;0.0110342547969071;0
ENSMUSG00000025646;ENSMUST00000160928;ENSMUST00000160928.5;ENSMUSG00000025646.10;0.0110342547969071;0
ENSMUSG00000025794;ENSMUST00000213310;ENSMUST00000213310.2;ENSMUSG00000025794.10;0;6,25E-89
ENSMUSG00000025794;ENSMUST00000215063;ENSMUST00000215063.2;ENSMUSG00000025794.10;0;2,14E-46
ENSMUSG00000025794;ENSMUST00000216990;ENSMUST00000216990.2;ENSMUSG00000025794.10;0;2,35E-32
ENSMUSG00000025809;ENSMUST00000090006;ENSMUST00000090006.12;ENSMUSG00000025809.16;0.0386186391791113;0
ENSMUSG00000025809;ENSMUST00000124826;ENSMUST00000124826.2;ENSMUSG00000025809.16;0.0386186391791113;0
ENSMUSG00000025825;ENSMUST00000026937;ENSMUST00000026937.12;ENSMUSG00000025825.13;0;0
ENSMUSG00000025825;ENSMUST00000112312;ENSMUST00000112312.8;ENSMUSG00000025825.13;0;0
ENSMUSG00000025877;ENSMUST00000052949;ENSMUST00000052949.13;ENSMUSG00000025877.15;0.000167568157132838;0.000511495355197618
ENSMUSG00000025877;ENSMUST00000132309;ENSMUST00000132309.8;ENSMUSG00000025877.15;0.000167568157132838;5,10E+09
ENSMUSG00000025877;ENSMUST00000153665;ENSMUST00000153665.8;ENSMUSG00000025877.15;0.000167568157132838;0.0315235978965591
ENSMUSG00000025888;ENSMUST00000027015;ENSMUST00000027015.7;ENSMUSG00000025888.7;0;0
ENSMUSG00000025888;ENSMUST00000238348;ENSMUST00000238348.2;ENSMUSG00000025888.7;0;0
ENSMUSG00000025967;ENSMUST00000027108;ENSMUST00000027108.13;ENSMUSG00000025967.17;0;0.0314419577720329
ENSMUSG00000025967;ENSMUST00000135877;ENSMUST00000135877.8;ENSMUSG00000025967.17;0;6,05E-05
ENSMUSG00000025967;ENSMUST00000142062;ENSMUST00000142062.8;ENSMUSG00000025967.17;0;2,04E-07
ENSMUSG00000025967;ENSMUST00000148553;ENSMUST00000148553.2;ENSMUSG00000025967.17;0;9,57E-03
ENSMUSG00000025967;ENSMUST00000188524;ENSMUST00000188524.2;ENSMUSG00000025967.17;0;0.00358459086620328
ENSMUSG00000026031;ENSMUST00000114313;ENSMUST00000114313.8;ENSMUSG00000026031.16;3,14E+05;0.00422571515991057
ENSMUSG00000026031;ENSMUST00000140940;ENSMUST00000140940.8;ENSMUSG00000026031.16;3,14E+05;7,96E+04
ENSMUSG00000026177;ENSMUST00000027368;ENSMUST00000027368.6;ENSMUSG00000026177.12;0;9,27E-01
ENSMUSG00000026177;ENSMUST00000131511;ENSMUST00000131511.8;ENSMUSG00000026177.12;0;2,52E-08
ENSMUSG00000026177;ENSMUST00000147233;ENSMUST00000147233.8;ENSMUSG00000026177.12;0;2,60E+01
ENSMUSG00000026234;ENSMUST00000185676;ENSMUST00000185676.7;ENSMUSG00000026234.13;7,83E+04;0
ENSMUSG00000026234;ENSMUST00000188682;ENSMUST00000188682.2;ENSMUSG00000026234.13;7,83E+04;0
ENSMUSG00000026341;ENSMUST00000027579;ENSMUST00000027579.17;ENSMUSG00000026341.17;0;0.011210486046505
ENSMUSG00000026341;ENSMUST00000178474;ENSMUST00000178474.8;ENSMUSG00000026341.17;0;4,45E+05
ENSMUSG00000026341;ENSMUST00000186008;ENSMUST00000186008.7;ENSMUSG00000026341.17;0;4,75E-32
ENSMUSG00000026341;ENSMUST00000188497;ENSMUST00000188497.7;ENSMUSG00000026341.17;0;8,12E-11
ENSMUSG00000026385;ENSMUST00000027634;ENSMUST00000027634.13;ENSMUSG00000026385.17;0;2,35E-105
ENSMUSG00000026385;ENSMUST00000132118;ENSMUST00000132118.2;ENSMUSG00000026385.17;0;3,06E-26
ENSMUSG00000026385;ENSMUST00000151708;ENSMUST00000151708.3;ENSMUSG00000026385.17;0;1,22E-38
ENSMUSG00000026656;ENSMUST00000081103;ENSMUST00000081103.12;ENSMUSG00000026656.16;0;0
ENSMUSG00000026656;ENSMUST00000159969;ENSMUST00000159969.8;ENSMUSG00000026656.16;0;0
ENSMUSG00000026728;ENSMUST00000028062;ENSMUST00000028062.8;ENSMUSG00000026728.10;0;2,76E-11
ENSMUSG00000026728;ENSMUST00000148248;ENSMUST00000148248.3;ENSMUSG00000026728.10;0;9,38E+02
ENSMUSG00000026728;ENSMUST00000193675;ENSMUST00000193675.2;ENSMUSG00000026728.10;0;1,14E+03
ENSMUSG00000026773;ENSMUST00000179584;ENSMUST00000179584.8;ENSMUSG00000026773.20;1,55E+09;8,99E+07
ENSMUSG00000026773;ENSMUST00000195779;ENSMUST00000195779.6;ENSMUSG00000026773.20;1,55E+09;0.0143423259544308
ENSMUSG00000026822;ENSMUST00000050785;ENSMUST00000050785.14;ENSMUSG00000026822.15;0;1,13E-134
ENSMUSG00000026822;ENSMUST00000144569;ENSMUST00000144569.2;ENSMUSG00000026822.15;0;2,45E-106
ENSMUSG00000026822;ENSMUST00000147219;ENSMUST00000147219.2;ENSMUSG00000026822.15;0;2,45E-61
ENSMUSG00000026875;ENSMUST00000113064;ENSMUST00000113064.8;ENSMUSG00000026875.15;0.0357616323723111;0
ENSMUSG00000026875;ENSMUST00000129131;ENSMUST00000129131.8;ENSMUSG00000026875.15;0.0357616323723111;0
ENSMUSG00000026878;ENSMUST00000028238;ENSMUST00000028238.15;ENSMUSG00000026878.18;7,34E+04;0
ENSMUSG00000026878;ENSMUST00000230751;ENSMUST00000230751.2;ENSMUSG00000026878.18;7,34E+04;0
ENSMUSG00000026879;ENSMUST00000028239;ENSMUST00000028239.8;ENSMUSG00000026879.15;0.00188096141423637;0
ENSMUSG00000026879;ENSMUST00000201185;ENSMUST00000201185.4;ENSMUSG00000026879.15;0.00188096141423637;0
ENSMUSG00000027422;ENSMUST00000016072;ENSMUST00000016072.12;ENSMUSG00000027422.16;2,86E+03;0
ENSMUSG00000027422;ENSMUST00000154649;ENSMUST00000154649.8;ENSMUSG00000027422.16;2,86E+03;0
ENSMUSG00000027447;ENSMUST00000028938;ENSMUST00000028938.7;ENSMUSG00000027447.7;0;0
ENSMUSG00000027447;ENSMUST00000144845;ENSMUST00000144845.2;ENSMUSG00000027447.7;0;0
ENSMUSG00000027506;ENSMUST00000091354;ENSMUST00000091354.12;ENSMUSG00000027506.16;2,88E+02;0
ENSMUSG00000027506;ENSMUST00000094381;ENSMUST00000094381.11;ENSMUSG00000027506.16;2,88E+02;0
ENSMUSG00000027523;ENSMUST00000087871;ENSMUST00000087871.11;ENSMUSG00000027523.21;0.00195930795488517;0.00195268942703314
ENSMUSG00000027523;ENSMUST00000109096;ENSMUST00000109096.9;ENSMUSG00000027523.21;0.00195930795488517;0.00528138762219094
ENSMUSG00000027523;ENSMUST00000238660;ENSMUST00000238660.2;ENSMUSG00000027523.21;0.00195930795488517;0.00637112710314036
ENSMUSG00000027566;ENSMUST00000029082;ENSMUST00000029082.9;ENSMUSG00000027566.16;0;3,53E-27
ENSMUSG00000027566;ENSMUST00000126021;ENSMUST00000126021.8;ENSMUSG00000027566.16;0;4,13E-09
ENSMUSG00000027566;ENSMUST00000129529;ENSMUST00000129529.9;ENSMUSG00000027566.16;0;2,11E-11
ENSMUSG00000027940;ENSMUST00000029549;ENSMUST00000029549.16;ENSMUSG00000027940.19;0.000114720100132644;0.00234773443412882
ENSMUSG00000027940;ENSMUST00000118566;ENSMUST00000118566.8;ENSMUSG00000027940.19;0.000114720100132644;3,44E+09
ENSMUSG00000028234;ENSMUST00000103009;ENSMUST00000103009.5;ENSMUSG00000028234.7;0;0
ENSMUSG00000028234;ENSMUST00000130128;ENSMUST00000130128.2;ENSMUSG00000028234.7;0;0
ENSMUSG00000028249;ENSMUST00000103008;ENSMUST00000103008.12;ENSMUSG00000028249.16;4,33E+08;0
ENSMUSG00000028249;ENSMUST00000153861;ENSMUST00000153861.2;ENSMUSG00000028249.16;4,33E+08;0
ENSMUSG00000028266;ENSMUST00000120539;ENSMUST00000120539.8;ENSMUSG00000028266.18;0.00097775297050248;0
ENSMUSG00000028266;ENSMUST00000121796;ENSMUST00000121796.8;ENSMUSG00000028266.18;0.00097775297050248;0
ENSMUSG00000028268;ENSMUST00000106221;ENSMUST00000106221.8;ENSMUSG00000028268.15;2,17E+09;0.000927153334204958
ENSMUSG00000028268;ENSMUST00000106222;ENSMUST00000106222.9;ENSMUSG00000028268.15;2,17E+09;6,32E+08
ENSMUSG00000028495;ENSMUST00000102814;ENSMUST00000102814.5;ENSMUSG00000028495.15;0;0
ENSMUSG00000028495;ENSMUST00000136174;ENSMUST00000136174.8;ENSMUSG00000028495.15;0;0
ENSMUSG00000028603;ENSMUST00000030340;ENSMUST00000030340.15;ENSMUSG00000028603.16;3,01E+00;0
ENSMUSG00000028603;ENSMUST00000106701;ENSMUST00000106701.2;ENSMUSG00000028603.16;3,01E+00;0
ENSMUSG00000028691;ENSMUST00000106470;ENSMUST00000106470.8;ENSMUSG00000028691.13;3,18E+09;9,34E+08
ENSMUSG00000028691;ENSMUST00000129315;ENSMUST00000129315.8;ENSMUSG00000028691.13;3,18E+09;0.00710131611954606
ENSMUSG00000028691;ENSMUST00000151129;ENSMUST00000151129.8;ENSMUSG00000028691.13;3,18E+09;0.000233313301797428
ENSMUSG00000028692;ENSMUST00000030455;ENSMUST00000030455.15;ENSMUSG00000028692.15;0;0
ENSMUSG00000028692;ENSMUST00000126146;ENSMUST00000126146.2;ENSMUSG00000028692.15;0;0
ENSMUSG00000028822;ENSMUST00000030626;ENSMUST00000030626.12;ENSMUSG00000028822.12;0;0
ENSMUSG00000028822;ENSMUST00000105863;ENSMUST00000105863.2;ENSMUSG00000028822.12;0;0
ENSMUSG00000028843;ENSMUST00000030651;ENSMUST00000030651.9;ENSMUSG00000028843.9;0;0
ENSMUSG00000028843;ENSMUST00000105879;ENSMUST00000105879.2;ENSMUSG00000028843.9;0;0
ENSMUSG00000029064;ENSMUST00000030940;ENSMUST00000030940.14;ENSMUSG00000029064.16;1,41E+04;1,29E+07
ENSMUSG00000029064;ENSMUST00000165335;ENSMUST00000165335.8;ENSMUSG00000029064.16;1,41E+04;6,28E+08
ENSMUSG00000029064;ENSMUST00000176308;ENSMUST00000176308.2;ENSMUSG00000029064.16;1,41E+04;1,02E+03
ENSMUSG00000029064;ENSMUST00000177094;ENSMUST00000177094.8;ENSMUSG00000029064.16;1,41E+04;1,32E+08
ENSMUSG00000029169;ENSMUST00000031061;ENSMUST00000031061.12;ENSMUSG00000029169.12;0;0
ENSMUSG00000029169;ENSMUST00000200186;ENSMUST00000200186.5;ENSMUSG00000029169.12;0;0
ENSMUSG00000029304;ENSMUST00000112746;ENSMUST00000112746.8;ENSMUSG00000029304.15;4,80E+03;2,46E+05
ENSMUSG00000029304;ENSMUST00000112748;ENSMUST00000112748.8;ENSMUSG00000029304.15;4,80E+03;0.0158829979258033
ENSMUSG00000029364;ENSMUST00000031309;ENSMUST00000031309.16;ENSMUSG00000029364.16;8,13E+04;0
ENSMUSG00000029364;ENSMUST00000111959;ENSMUST00000111959.2;ENSMUSG00000029364.16;8,13E+04;0
ENSMUSG00000029390;ENSMUST00000060226;ENSMUST00000060226.11;ENSMUSG00000029390.14;0.00609176221154857;0
ENSMUSG00000029390;ENSMUST00000135464;ENSMUST00000135464.2;ENSMUSG00000029390.14;0.00609176221154857;0
ENSMUSG00000029465;ENSMUST00000031421;ENSMUST00000031421.12;ENSMUSG00000029465.15;0;0
ENSMUSG00000029465;ENSMUST00000102525;ENSMUST00000102525.11;ENSMUSG00000029465.15;0;0
ENSMUSG00000029561;ENSMUST00000031542;ENSMUST00000031542.13;ENSMUSG00000029561.18;0.010665698801445;0
ENSMUSG00000029561;ENSMUST00000144064;ENSMUST00000144064.5;ENSMUSG00000029561.18;0.010665698801445;0
ENSMUSG00000029580;ENSMUST00000100497;ENSMUST00000100497.11;ENSMUSG00000029580.15;0;0
ENSMUSG00000029580;ENSMUST00000196997;ENSMUST00000196997.2;ENSMUSG00000029580.15;0;0
ENSMUSG00000029614;ENSMUST00000138621;ENSMUST00000138621.2;ENSMUSG00000029614.14;2,54E+06;0
ENSMUSG00000029614;ENSMUST00000201155;ENSMUST00000201155.2;ENSMUSG00000029614.14;2,54E+06;0
ENSMUSG00000029622;ENSMUST00000144375;ENSMUST00000144375.2;ENSMUSG00000029622.17;0;0
ENSMUSG00000029622;ENSMUST00000196111;ENSMUST00000196111.5;ENSMUSG00000029622.17;0;0
ENSMUSG00000029642;ENSMUST00000050970;ENSMUST00000050970.4;ENSMUSG00000029642.12;0.000346566558542904;0
ENSMUSG00000029642;ENSMUST00000110557;ENSMUST00000110557.5;ENSMUSG00000029642.12;0.000346566558542904;0
ENSMUSG00000029713;ENSMUST00000031726;ENSMUST00000031726.15;ENSMUSG00000029713.16;0.000740965188206689;0
ENSMUSG00000029713;ENSMUST00000111027;ENSMUST00000111027.8;ENSMUSG00000029713.16;0.000740965188206689;0
ENSMUSG00000029810;ENSMUST00000164733;ENSMUST00000164733.4;ENSMUSG00000029810.16;0.00804505903466398;0.00279519436120221
ENSMUSG00000029810;ENSMUST00000166247;ENSMUST00000166247.8;ENSMUSG00000029810.16;0.00804505903466398;0.00571019052633916
ENSMUSG00000029994;ENSMUST00000001187;ENSMUST00000001187.15;ENSMUSG00000029994.18;2,58E+07;6,97E+06
ENSMUSG00000029994;ENSMUST00000127152;ENSMUST00000127152.9;ENSMUSG00000029994.18;2,58E+07;7,31E+09
ENSMUSG00000030120;ENSMUST00000032214;ENSMUST00000032214.14;ENSMUSG00000030120.15;0.000176315163235977;0
ENSMUSG00000030120;ENSMUST00000180095;ENSMUST00000180095.4;ENSMUSG00000030120.15;0.000176315163235977;0
ENSMUSG00000030122;ENSMUST00000032216;ENSMUST00000032216.7;ENSMUSG00000030122.13;0;0
ENSMUSG00000030122;ENSMUST00000204671;ENSMUST00000204671.3;ENSMUSG00000030122.13;0;0
ENSMUSG00000030142;ENSMUST00000176831;ENSMUST00000176831.8;ENSMUSG00000030142.11;0;5,65E-02
ENSMUSG00000030142;ENSMUST00000177367;ENSMUST00000177367.8;ENSMUSG00000030142.11;0;1,56E-68
ENSMUSG00000030144;ENSMUST00000032240;ENSMUST00000032240.4;ENSMUSG00000030144.5;0;2,91E-07
ENSMUSG00000030144;ENSMUST00000203421;ENSMUST00000203421.2;ENSMUSG00000030144.5;0;3,72E-119
ENSMUSG00000030144;ENSMUST00000204826;ENSMUST00000204826.3;ENSMUSG00000030144.5;0;2,25E-02
ENSMUSG00000030189;ENSMUST00000032309;ENSMUST00000032309.13;ENSMUSG00000030189.16;0.00303276586366694;0
ENSMUSG00000030189;ENSMUST00000087865;ENSMUST00000087865.4;ENSMUSG00000030189.16;0.00303276586366694;0
ENSMUSG00000030220;ENSMUST00000032344;ENSMUST00000032344.12;ENSMUSG00000030220.14;0;7,29E+03
ENSMUSG00000030220;ENSMUST00000111891;ENSMUST00000111891.4;ENSMUSG00000030220.14;0;3,47E-19
ENSMUSG00000030220;ENSMUST00000111892;ENSMUST00000111892.8;ENSMUSG00000030220.14;0;0.00974266754986429
ENSMUSG00000030432;ENSMUST00000078432;ENSMUST00000078432.5;ENSMUSG00000030432.13;4,65E-01;0.000172388217399891
ENSMUSG00000030432;ENSMUST00000129888;ENSMUST00000129888.2;ENSMUSG00000030432.13;4,65E-01;9,85E-01
ENSMUSG00000030579;ENSMUST00000207982;ENSMUST00000207982.2;ENSMUSG00000030579.11;0;2,73E-06
ENSMUSG00000030579;ENSMUST00000208125;ENSMUST00000208125.2;ENSMUSG00000030579.11;0;3,14E-71
ENSMUSG00000030591;ENSMUST00000059642;ENSMUST00000059642.17;ENSMUSG00000030591.18;6,30E+07;0.0169603185094875
ENSMUSG00000030591;ENSMUST00000182328;ENSMUST00000182328.8;ENSMUSG00000030591.18;6,30E+07;0.00790946307234652
ENSMUSG00000030591;ENSMUST00000186182;ENSMUST00000186182.2;ENSMUSG00000030591.18;6,30E+07;0.0169603185094875
ENSMUSG00000030591;ENSMUST00000208592;ENSMUST00000208592.2;ENSMUSG00000030591.18;6,30E+07;3,44E+07
ENSMUSG00000030603;ENSMUST00000032824;ENSMUST00000032824.10;ENSMUSG00000030603.17;1,02E+01;0
ENSMUSG00000030603;ENSMUST00000135482;ENSMUST00000135482.8;ENSMUSG00000030603.17;1,02E+01;0
ENSMUSG00000030682;ENSMUST00000206170;ENSMUST00000206170.2;ENSMUSG00000030682.5;0.0379193433190891;0
ENSMUSG00000030682;ENSMUST00000206794;ENSMUST00000206794.2;ENSMUSG00000030682.5;0.0379193433190891;0
ENSMUSG00000030695;ENSMUST00000032934;ENSMUST00000032934.12;ENSMUSG00000030695.17;0;3,29E-139
ENSMUSG00000030695;ENSMUST00000087566;ENSMUST00000087566.11;ENSMUSG00000030695.17;0;4,51E-11
ENSMUSG00000030695;ENSMUST00000106348;ENSMUST00000106348.8;ENSMUSG00000030695.17;0;6,64E-51
ENSMUSG00000030707;ENSMUST00000032949;ENSMUST00000032949.14;ENSMUSG00000030707.16;0.000793723967517311;0
ENSMUSG00000030707;ENSMUST00000106364;ENSMUST00000106364.8;ENSMUSG00000030707.16;0.000793723967517311;0
ENSMUSG00000030717;ENSMUST00000032961;ENSMUST00000032961.4;ENSMUSG00000030717.10;2,28E+03;0
ENSMUSG00000030717;ENSMUST00000131174;ENSMUST00000131174.2;ENSMUSG00000030717.10;2,28E+03;0
ENSMUSG00000030751;ENSMUST00000033008;ENSMUST00000033008.10;ENSMUSG00000030751.19;0;0
ENSMUSG00000030751;ENSMUST00000135570;ENSMUST00000135570.8;ENSMUSG00000030751.19;0;0
ENSMUSG00000030798;ENSMUST00000033063;ENSMUST00000033063.15;ENSMUSG00000030798.16;0.000255954054731358;0
ENSMUSG00000030798;ENSMUST00000098461;ENSMUST00000098461.10;ENSMUSG00000030798.16;0.000255954054731358;0
ENSMUSG00000030990;ENSMUST00000150891;ENSMUST00000150891.8;ENSMUSG00000030990.19;0.039283206128041;0.0297283737362578
ENSMUSG00000030990;ENSMUST00000156529;ENSMUST00000156529.8;ENSMUSG00000030990.19;0.039283206128041;0.0466464993596351
ENSMUSG00000031146;ENSMUST00000033486;ENSMUST00000033486.6;ENSMUSG00000031146.7;0;0
ENSMUSG00000031146;ENSMUST00000136155;ENSMUST00000136155.2;ENSMUSG00000031146.7;0;0
ENSMUSG00000031167;ENSMUST00000115615;ENSMUST00000115615.9;ENSMUSG00000031167.17;0;0.00223406862214803
ENSMUSG00000031167;ENSMUST00000115621;ENSMUST00000115621.9;ENSMUSG00000031167.17;0;4,22E+09
ENSMUSG00000031167;ENSMUST00000129947;ENSMUST00000129947.9;ENSMUSG00000031167.17;0;0.00611799122024593
ENSMUSG00000031167;ENSMUST00000141925;ENSMUST00000141925.8;ENSMUSG00000031167.17;0;1,11E-09
ENSMUSG00000031320;ENSMUST00000033683;ENSMUST00000033683.8;ENSMUSG00000031320.10;0;0
ENSMUSG00000031320;ENSMUST00000155028;ENSMUST00000155028.2;ENSMUSG00000031320.10;0;0
ENSMUSG00000031328;ENSMUST00000033699;ENSMUST00000033699.13;ENSMUSG00000031328.17;5,01E+05;2,58E+05
ENSMUSG00000031431;ENSMUST00000055738;ENSMUST00000055738.12;ENSMUSG00000031431.14;0.000136917005602425;4,12E+09
ENSMUSG00000031431;ENSMUST00000112995;ENSMUST00000112995.3;ENSMUSG00000031431.14;0.000136917005602425;0.0374288875328074
ENSMUSG00000031431;ENSMUST00000112996;ENSMUST00000112996.9;ENSMUSG00000031431.14;0.000136917005602425;0.000787876296429666
ENSMUSG00000031444;ENSMUST00000033821;ENSMUST00000033821.11;ENSMUSG00000031444.17;3,99E+02;9,15E+01
ENSMUSG00000031444;ENSMUST00000063820;ENSMUST00000063820.12;ENSMUSG00000031444.17;3,99E+02;0.000320609530597425
ENSMUSG00000031444;ENSMUST00000152034;ENSMUST00000152034.2;ENSMUSG00000031444.17;3,99E+02;4,98E+08
ENSMUSG00000031556;ENSMUST00000033961;ENSMUST00000033961.7;ENSMUSG00000031556.7;0;0
ENSMUSG00000031556;ENSMUST00000210758;ENSMUST00000210758.2;ENSMUSG00000031556.7;0;0
ENSMUSG00000031604;ENSMUST00000034015;ENSMUST00000034015.11;ENSMUSG00000031604.11;0.000605723071562738;0
ENSMUSG00000031604;ENSMUST00000145216;ENSMUST00000145216.8;ENSMUSG00000031604.11;0.000605723071562738;0
ENSMUSG00000031762;ENSMUST00000034214;ENSMUST00000034214.8;ENSMUSG00000031762.8;0;0
ENSMUSG00000031762;ENSMUST00000212806;ENSMUST00000212806.2;ENSMUSG00000031762.8;0;0
ENSMUSG00000031765;ENSMUST00000034215;ENSMUST00000034215.8;ENSMUSG00000031765.9;0;0
ENSMUSG00000031765;ENSMUST00000211807;ENSMUST00000211807.2;ENSMUSG00000031765.9;0;0
ENSMUSG00000031765;ENSMUST00000212291;ENSMUST00000212291.2;ENSMUSG00000031765.9;0;0
ENSMUSG00000031799;ENSMUST00000003575;ENSMUST00000003575.11;ENSMUSG00000031799.11;0;7,21E+08
ENSMUSG00000031799;ENSMUST00000123177;ENSMUST00000123177.3;ENSMUSG00000031799.11;0;2,44E-40
ENSMUSG00000031799;ENSMUST00000238492;ENSMUST00000238492.2;ENSMUSG00000031799.11;0;0.0179358112507998
ENSMUSG00000031812;ENSMUST00000181521;ENSMUST00000181521.2;ENSMUSG00000031812.17;7,37E+09;2,18E+09
ENSMUSG00000031812;ENSMUST00000181948;ENSMUST00000181948.2;ENSMUSG00000031812.17;7,37E+09;0.000322779764897747
ENSMUSG00000031818;ENSMUST00000034276;ENSMUST00000034276.13;ENSMUSG00000031818.13;0;5,87E-05
ENSMUSG00000031818;ENSMUST00000181026;ENSMUST00000181026.2;ENSMUSG00000031818.13;0;9,45E-22
ENSMUSG00000031818;ENSMUST00000181172;ENSMUST00000181172.2;ENSMUSG00000031818.13;0;2,81E-29
ENSMUSG00000031818;ENSMUST00000181795;ENSMUST00000181795.2;ENSMUSG00000031818.13;0;4,42E-10
ENSMUSG00000031827;ENSMUST00000034285;ENSMUST00000034285.14;ENSMUSG00000031827.14;8,95E+07;0
ENSMUSG00000031827;ENSMUST00000168698;ENSMUST00000168698.2;ENSMUSG00000031827.14;8,95E+07;0
ENSMUSG00000031897;ENSMUST00000034369;ENSMUST00000034369.10;ENSMUSG00000031897.10;0;3,89E-118
ENSMUSG00000031897;ENSMUST00000212332;ENSMUST00000212332.2;ENSMUSG00000031897.10;0;2,38E-15
ENSMUSG00000031897;ENSMUST00000212686;ENSMUST00000212686.2;ENSMUSG00000031897.10;0;6,80E-26
ENSMUSG00000031897;ENSMUST00000212938;ENSMUST00000212938.2;ENSMUSG00000031897.10;0;7,16E-21
ENSMUSG00000031996;ENSMUST00000072634;ENSMUST00000072634.15;ENSMUSG00000031996.18;5,18E+04;0.00147418927456343
ENSMUSG00000031996;ENSMUST00000216921;ENSMUST00000216921.2;ENSMUSG00000031996.18;5,18E+04;2,54E+04
ENSMUSG00000032026;ENSMUST00000034524;ENSMUST00000034524.5;ENSMUSG00000032026.8;1,81E+05;0
ENSMUSG00000032026;ENSMUST00000213895;ENSMUST00000213895.2;ENSMUSG00000032026.8;1,81E+05;0
ENSMUSG00000032046;ENSMUST00000056149;ENSMUST00000056149.15;ENSMUSG00000032046.16;0.000987232690927096;0
ENSMUSG00000032046;ENSMUST00000141899;ENSMUST00000141899.8;ENSMUSG00000032046.16;0.000987232690927096;0
ENSMUSG00000032231;ENSMUST00000034756;ENSMUST00000034756.15;ENSMUSG00000032231.15;0;1,27E-21
ENSMUSG00000032231;ENSMUST00000123470;ENSMUST00000123470.8;ENSMUSG00000032231.15;0;3,63E-38
ENSMUSG00000032231;ENSMUST00000136282;ENSMUST00000136282.3;ENSMUSG00000032231.15;0;3,91E-155
ENSMUSG00000032231;ENSMUST00000143878;ENSMUST00000143878.2;ENSMUSG00000032231.15;0;3,19E+08
ENSMUSG00000032294;ENSMUST00000034834;ENSMUST00000034834.16;ENSMUSG00000032294.18;0;0
ENSMUSG00000032294;ENSMUST00000163694;ENSMUST00000163694.4;ENSMUSG00000032294.18;0;0
ENSMUSG00000032301;ENSMUST00000034848;ENSMUST00000034848.14;ENSMUSG00000032301.14;0;0
ENSMUSG00000032301;ENSMUST00000171900;ENSMUST00000171900.2;ENSMUSG00000032301.14;0;0
ENSMUSG00000032330;ENSMUST00000034881;ENSMUST00000034881.8;ENSMUSG00000032330.8;5,83E+01;0
ENSMUSG00000032330;ENSMUST00000215933;ENSMUST00000215933.2;ENSMUSG00000032330.8;5,83E+01;0
ENSMUSG00000032336;ENSMUST00000085651;ENSMUST00000085651.12;ENSMUSG00000032336.18;0;0.000425948269143245
ENSMUSG00000032336;ENSMUST00000177020;ENSMUST00000177020.2;ENSMUSG00000032336.18;0;1,90E-10
ENSMUSG00000032383;ENSMUST00000034947;ENSMUST00000034947.7;ENSMUSG00000032383.8;0;0
ENSMUSG00000032383;ENSMUST00000213785;ENSMUST00000213785.2;ENSMUSG00000032383.8;0;0
ENSMUSG00000032518;ENSMUST00000217317;ENSMUST00000217317.2;ENSMUSG00000032518.7;1,16E+06;0
ENSMUSG00000032518;ENSMUST00000217356;ENSMUST00000217356.2;ENSMUSG00000032518.7;1,16E+06;0
ENSMUSG00000032562;ENSMUST00000055704;ENSMUST00000055704.12;ENSMUSG00000032562.14;0.00083319255393556;0
ENSMUSG00000032562;ENSMUST00000192615;ENSMUST00000192615.6;ENSMUSG00000032562.14;0.00083319255393556;0
ENSMUSG00000032812;ENSMUST00000084895;ENSMUST00000084895.12;ENSMUSG00000032812.19;0;0
ENSMUSG00000032812;ENSMUST00000107010;ENSMUST00000107010.9;ENSMUSG00000032812.19;0;0
ENSMUSG00000033047;ENSMUST00000040518;ENSMUST00000040518.6;ENSMUSG00000033047.6;1,01E+01;0
ENSMUSG00000033047;ENSMUST00000230032;ENSMUST00000230032.2;ENSMUSG00000033047.6;1,01E+01;0
ENSMUSG00000033326;ENSMUST00000097911;ENSMUST00000097911.9;ENSMUSG00000033326.16;0.00011302926502865;3,38E+09
ENSMUSG00000033326;ENSMUST00000106406;ENSMUST00000106406.9;ENSMUSG00000033326.16;0.00011302926502865;0.0277870379098495
ENSMUSG00000033379;ENSMUST00000036380;ENSMUST00000036380.14;ENSMUSG00000033379.14;0;1,63E-94
ENSMUSG00000033379;ENSMUST00000133530;ENSMUST00000133530.8;ENSMUSG00000033379.14;0;5,79E-45
ENSMUSG00000033379;ENSMUST00000150204;ENSMUST00000150204.8;ENSMUSG00000033379.14;0;1,06E-31
ENSMUSG00000033467;ENSMUST00000044579;ENSMUST00000044579.12;ENSMUSG00000033467.13;2,32E+00;7,64E+05
ENSMUSG00000033467;ENSMUST00000198960;ENSMUST00000198960.2;ENSMUSG00000033467.13;2,32E+00;4,84E-01
ENSMUSG00000033467;ENSMUST00000200284;ENSMUST00000200284.5;ENSMUSG00000033467.13;2,32E+00;0.0211597944803335
ENSMUSG00000033880;ENSMUST00000043722;ENSMUST00000043722.10;ENSMUSG00000033880.12;1,03E+04;0
ENSMUSG00000033880;ENSMUST00000144529;ENSMUST00000144529.2;ENSMUSG00000033880.12;1,03E+04;0
ENSMUSG00000034254;ENSMUST00000037489;ENSMUST00000037489.15;ENSMUSG00000034254.18;0.00115089261292207;0
ENSMUSG00000034254;ENSMUST00000174595;ENSMUST00000174595.2;ENSMUSG00000034254.18;0.00115089261292207;0
ENSMUSG00000034271;ENSMUST00000050687;ENSMUST00000050687.14;ENSMUSG00000034271.17;0.000957524384588507;0.000305716301006777
ENSMUSG00000034271;ENSMUST00000171754;ENSMUST00000171754.3;ENSMUSG00000034271.17;0.000957524384588507;0.0041472171772138
ENSMUSG00000034271;ENSMUST00000177587;ENSMUST00000177587.9;ENSMUSG00000034271.17;0.000957524384588507;0.00051940518489811
ENSMUSG00000034343;ENSMUST00000059743;ENSMUST00000059743.12;ENSMUSG00000034343.15;4,75E+05;5,22E+06
ENSMUSG00000034343;ENSMUST00000171112;ENSMUST00000171112.8;ENSMUSG00000034343.15;4,75E+05;1,21E+05
ENSMUSG00000034343;ENSMUST00000191368;ENSMUST00000191368.7;ENSMUSG00000034343.15;4,75E+05;0.0164580123942688
ENSMUSG00000034708;ENSMUST00000049460;ENSMUST00000049460.12;ENSMUSG00000034708.13;0;0.0038543344731231
ENSMUSG00000034708;ENSMUST00000125819;ENSMUST00000125819.9;ENSMUSG00000034708.13;0;7,30E-50
ENSMUSG00000034708;ENSMUST00000239431;ENSMUST00000239431.2;ENSMUSG00000034708.13;0;1,34E+08
ENSMUSG00000034855;ENSMUST00000038816;ENSMUST00000038816.13;ENSMUSG00000034855.14;0;0
ENSMUSG00000034855;ENSMUST00000201176;ENSMUST00000201176.2;ENSMUSG00000034855.14;0;0
ENSMUSG00000035203;ENSMUST00000098845;ENSMUST00000098845.10;ENSMUSG00000035203.17;0.0231015761999573;0
ENSMUSG00000035203;ENSMUST00000208634;ENSMUST00000208634.2;ENSMUSG00000035203.17;0.0231015761999573;0
ENSMUSG00000035208;ENSMUST00000038141;ENSMUST00000038141.15;ENSMUSG00000035208.17;0.00221877855032177;0.000739179060179778
ENSMUSG00000035208;ENSMUST00000108152;ENSMUST00000108152.9;ENSMUSG00000035208.17;0.00221877855032177;0.00876543881345485
ENSMUSG00000035208;ENSMUST00000215239;ENSMUST00000215239.2;ENSMUSG00000035208.17;0.00221877855032177;0.00484218482453243
ENSMUSG00000035242;ENSMUST00000060987;ENSMUST00000060987.15;ENSMUSG00000035242.16;0;2,51E-13
ENSMUSG00000035242;ENSMUST00000177850;ENSMUST00000177850.8;ENSMUSG00000035242.16;0;9,10E-08
ENSMUSG00000035242;ENSMUST00000179620;ENSMUST00000179620.8;ENSMUSG00000035242.16;0;5,96E-32
ENSMUSG00000035242;ENSMUST00000180036;ENSMUST00000180036.8;ENSMUSG00000035242.16;0;3,33E-14
ENSMUSG00000035530;ENSMUST00000049385;ENSMUST00000049385.14;ENSMUSG00000035530.14;1,55E+07;0
ENSMUSG00000035530;ENSMUST00000132618;ENSMUST00000132618.2;ENSMUSG00000035530.14;1,55E+07;0
ENSMUSG00000036067;ENSMUST00000045702;ENSMUST00000045702.6;ENSMUSG00000036067.13;0;2,96E+00
ENSMUSG00000036067;ENSMUST00000102890;ENSMUST00000102890.11;ENSMUSG00000036067.13;0;2,05E+08
ENSMUSG00000036067;ENSMUST00000129835;ENSMUST00000129835.8;ENSMUSG00000036067.13;0;2,48E+09
ENSMUSG00000036067;ENSMUST00000145742;ENSMUST00000145742.8;ENSMUSG00000036067.13;0;1,32E-08
ENSMUSG00000036138;ENSMUST00000039784;ENSMUST00000039784.12;ENSMUSG00000036138.17;0;0
ENSMUSG00000036138;ENSMUST00000176796;ENSMUST00000176796.8;ENSMUSG00000036138.17;0;0
ENSMUSG00000036594;ENSMUST00000040655;ENSMUST00000040655.14;ENSMUSG00000036594.16;0;0
ENSMUSG00000036594;ENSMUST00000174751;ENSMUST00000174751.2;ENSMUSG00000036594.16;0;0
ENSMUSG00000036835;ENSMUST00000043898;ENSMUST00000043898.8;ENSMUSG00000036835.8;4,95E+00;0
ENSMUSG00000036835;ENSMUST00000207747;ENSMUST00000207747.2;ENSMUSG00000036835.8;4,95E+00;0
ENSMUSG00000036908;ENSMUST00000161415;ENSMUST00000161415.2;ENSMUSG00000036908.18;3,78E+06;0
ENSMUSG00000036908;ENSMUST00000162708;ENSMUST00000162708.7;ENSMUSG00000036908.18;3,78E+06;0
ENSMUSG00000037321;ENSMUST00000041633;ENSMUST00000041633.15;ENSMUSG00000037321.18;0.0139287597687827;0.0179561133479603
ENSMUSG00000037321;ENSMUST00000168351;ENSMUST00000168351.8;ENSMUSG00000037321.18;0.0139287597687827;0.0176504326114409
ENSMUSG00000037321;ENSMUST00000170086;ENSMUST00000170086.8;ENSMUSG00000037321.18;0.0139287597687827;0.0049626316212079
ENSMUSG00000037742;ENSMUST00000042235;ENSMUST00000042235.15;ENSMUSG00000037742.15;0;0
ENSMUSG00000037742;ENSMUST00000129380;ENSMUST00000129380.2;ENSMUSG00000037742.15;0;4,66E-174
ENSMUSG00000037742;ENSMUST00000144523;ENSMUST00000144523.8;ENSMUSG00000037742.15;0;1,53E-183
ENSMUSG00000037742;ENSMUST00000154207;ENSMUST00000154207.8;ENSMUSG00000037742.15;0;7,04E-85
ENSMUSG00000037742;ENSMUST00000156988;ENSMUST00000156988.2;ENSMUSG00000037742.15;0;4,17E-77
ENSMUSG00000037805;ENSMUST00000042334;ENSMUST00000042334.16;ENSMUSG00000037805.16;0.00484491802251278;0.0016552109946156
ENSMUSG00000037805;ENSMUST00000152665;ENSMUST00000152665.3;ENSMUSG00000037805.16;0.00484491802251278;0.0121454711599211
ENSMUSG00000037894;ENSMUST00000041045;ENSMUST00000041045.14;ENSMUSG00000037894.14;0.0476118878555991;0
ENSMUSG00000037894;ENSMUST00000174561;ENSMUST00000174561.8;ENSMUSG00000037894.14;0.0476118878555991;0
ENSMUSG00000037960;ENSMUST00000048946;ENSMUST00000048946.7;ENSMUSG00000037960.12;2,82E+05;0
ENSMUSG00000037960;ENSMUST00000221443;ENSMUST00000221443.2;ENSMUSG00000037960.12;2,82E+05;0
ENSMUSG00000037966;ENSMUST00000049022;ENSMUST00000049022.15;ENSMUSG00000037966.16;0;1,01E-22
ENSMUSG00000037966;ENSMUST00000120733;ENSMUST00000120733.8;ENSMUSG00000037966.16;0;2,27E-35
ENSMUSG00000037966;ENSMUST00000150555;ENSMUST00000150555.8;ENSMUSG00000037966.16;0;1,64E-13
ENSMUSG00000037966;ENSMUST00000153819;ENSMUST00000153819.2;ENSMUSG00000037966.16;0;5,97E+02
ENSMUSG00000038147;ENSMUST00000136479;ENSMUST00000136479.8;ENSMUSG00000038147.15;0.00172322926510031;0
ENSMUSG00000038147;ENSMUST00000155802;ENSMUST00000155802.9;ENSMUSG00000038147.15;0.00172322926510031;0
ENSMUSG00000038179;ENSMUST00000192024;ENSMUST00000192024.6;ENSMUSG00000038179.14;0.0031220587734134;0
ENSMUSG00000038179;ENSMUST00000192195;ENSMUST00000192195.6;ENSMUSG00000038179.14;0.0031220587734134;0
ENSMUSG00000038274;ENSMUST00000043074;ENSMUST00000043074.14;ENSMUSG00000038274.14;0;4,42E-13
ENSMUSG00000038274;ENSMUST00000178310;ENSMUST00000178310.9;ENSMUSG00000038274.14;0;1,41E-06
ENSMUSG00000038274;ENSMUST00000179142;ENSMUST00000179142.2;ENSMUSG00000038274.14;0;2,97E-54
ENSMUSG00000038274;ENSMUST00000236217;ENSMUST00000236217.2;ENSMUSG00000038274.14;0;5,13E+07
ENSMUSG00000038274;ENSMUST00000236976;ENSMUST00000236976.2;ENSMUSG00000038274.14;0;4,31E-75
ENSMUSG00000038274;ENSMUST00000237840;ENSMUST00000237840.2;ENSMUSG00000038274.14;0;6,58E-59
ENSMUSG00000038301;ENSMUST00000049152;ENSMUST00000049152.15;ENSMUSG00000038301.16;5,43E+01;6,21E+07
ENSMUSG00000038301;ENSMUST00000114439;ENSMUST00000114439.8;ENSMUSG00000038301.16;5,43E+01;1,21E+01
ENSMUSG00000038650;ENSMUST00000106033;ENSMUST00000106033.5;ENSMUSG00000038650.16;0.00115277385813828;0.00037547795466568
ENSMUSG00000038650;ENSMUST00000210314;ENSMUST00000210314.2;ENSMUSG00000038650.16;0.00115277385813828;0.00619690284509124
ENSMUSG00000038690;ENSMUST00000037056;ENSMUST00000037056.9;ENSMUSG00000038690.16;0;1,20E-15
ENSMUSG00000038690;ENSMUST00000161741;ENSMUST00000161741.8;ENSMUSG00000038690.16;0;3,70E-20
ENSMUSG00000038690;ENSMUST00000162360;ENSMUST00000162360.8;ENSMUSG00000038690.16;0;6,07E-08
ENSMUSG00000038717;ENSMUST00000043675;ENSMUST00000043675.9;ENSMUSG00000038717.10;7,06E-01;1,53E-01
ENSMUSG00000038717;ENSMUST00000216380;ENSMUST00000216380.2;ENSMUSG00000038717.10;7,06E-01;1,89E+05
ENSMUSG00000039208;ENSMUST00000036742;ENSMUST00000036742.14;ENSMUSG00000039208.16;0;0
ENSMUSG00000039208;ENSMUST00000106089;ENSMUST00000106089.8;ENSMUSG00000039208.16;0;0
ENSMUSG00000040026;ENSMUST00000006956;ENSMUST00000006956.9;ENSMUSG00000040026.9;0;0
ENSMUSG00000040026;ENSMUST00000211660;ENSMUST00000211660.2;ENSMUSG00000040026.9;0;0
ENSMUSG00000040212;ENSMUST00000038876;ENSMUST00000038876.13;ENSMUSG00000040212.13;0;7,72E-65
ENSMUSG00000040212;ENSMUST00000164119;ENSMUST00000164119.3;ENSMUSG00000040212.13;0;3,14E-15
ENSMUSG00000040212;ENSMUST00000210297;ENSMUST00000210297.2;ENSMUSG00000040212.13;0;4,08E-28
ENSMUSG00000040212;ENSMUST00000210939;ENSMUST00000210939.2;ENSMUSG00000040212.13;0;2,38E-26
ENSMUSG00000040528;ENSMUST00000086353;ENSMUST00000086353.11;ENSMUSG00000040528.16;9,35E+03;0
ENSMUSG00000040528;ENSMUST00000106794;ENSMUST00000106794.9;ENSMUSG00000040528.16;9,35E+03;0
ENSMUSG00000040713;ENSMUST00000040298;ENSMUST00000040298.5;ENSMUSG00000040713.13;0;9,58E-07
ENSMUSG00000040713;ENSMUST00000111432;ENSMUST00000111432.10;ENSMUSG00000040713.13;0;0.000178107948027528
ENSMUSG00000040952;ENSMUST00000108429;ENSMUST00000108429.8;ENSMUSG00000040952.17;0;1,16E+00
ENSMUSG00000040952;ENSMUST00000108430;ENSMUST00000108430.10;ENSMUSG00000040952.17;0;3,79E-12
ENSMUSG00000040952;ENSMUST00000129847;ENSMUST00000129847.8;ENSMUSG00000040952.17;0;2,26E-44
ENSMUSG00000040952;ENSMUST00000130335;ENSMUST00000130335.8;ENSMUSG00000040952.17;0;7,44E-58
ENSMUSG00000040952;ENSMUST00000153451;ENSMUST00000153451.9;ENSMUSG00000040952.17;0;3,25E-05
ENSMUSG00000041355;ENSMUST00000035785;ENSMUST00000035785.9;ENSMUSG00000041355.14;0.00110891142650791;0
ENSMUSG00000041355;ENSMUST00000195014;ENSMUST00000195014.6;ENSMUSG00000041355.14;0.00110891142650791;0
ENSMUSG00000041453;ENSMUST00000075453;ENSMUST00000075453.9;ENSMUSG00000041453.13;0;1,47E+08
ENSMUSG00000041453;ENSMUST00000099272;ENSMUST00000099272.3;ENSMUSG00000041453.13;0;3,43E+07
ENSMUSG00000041453;ENSMUST00000135345;ENSMUST00000135345.2;ENSMUSG00000041453.13;0;5,75E-55
ENSMUSG00000041697;ENSMUST00000040154;ENSMUST00000040154.10;ENSMUSG00000041697.10;0;0
ENSMUSG00000041697;ENSMUST00000137766;ENSMUST00000137766.2;ENSMUSG00000041697.10;0;0
ENSMUSG00000041736;ENSMUST00000047419;ENSMUST00000047419.8;ENSMUSG00000041736.8;0;0
ENSMUSG00000041736;ENSMUST00000208463;ENSMUST00000208463.2;ENSMUSG00000041736.8;0;0
ENSMUSG00000041841;ENSMUST00000226758;ENSMUST00000226758.2;ENSMUSG00000041841.9;0;2,50E-96
ENSMUSG00000041841;ENSMUST00000227463;ENSMUST00000227463.2;ENSMUSG00000041841.9;0;6,68E-07
ENSMUSG00000041841;ENSMUST00000227635;ENSMUST00000227635.2;ENSMUSG00000041841.9;0;1,17E-05
ENSMUSG00000041959;ENSMUST00000045756;ENSMUST00000045756.14;ENSMUSG00000041959.15;0;0
ENSMUSG00000041959;ENSMUST00000170612;ENSMUST00000170612.2;ENSMUSG00000041959.15;0;0
ENSMUSG00000043716;ENSMUST00000058437;ENSMUST00000058437.14;ENSMUSG00000043716.14;0;0
ENSMUSG00000043716;ENSMUST00000140597;ENSMUST00000140597.8;ENSMUSG00000043716.14;0;0
ENSMUSG00000044162;ENSMUST00000204438;ENSMUST00000204438.2;ENSMUSG00000044162.13;0.00488096504022616;0.00167202948979167
ENSMUSG00000044162;ENSMUST00000212402;ENSMUST00000212402.2;ENSMUSG00000044162.13;0.00488096504022616;0.00552463513089597
ENSMUSG00000044533;ENSMUST00000054289;ENSMUST00000054289.13;ENSMUSG00000044533.16;0;8,70E+01
ENSMUSG00000044533;ENSMUST00000129580;ENSMUST00000129580.2;ENSMUSG00000044533.16;0;6,35E-62
ENSMUSG00000044533;ENSMUST00000132803;ENSMUST00000132803.2;ENSMUSG00000044533.16;0;1,26E-86
ENSMUSG00000044533;ENSMUST00000170715;ENSMUST00000170715.8;ENSMUSG00000044533.16;0;0.00580131765759964
ENSMUSG00000044583;ENSMUST00000060719;ENSMUST00000060719.12;ENSMUSG00000044583.14;8,44E+07;0
ENSMUSG00000044583;ENSMUST00000112161;ENSMUST00000112161.8;ENSMUSG00000044583.14;8,44E+07;0
ENSMUSG00000045128;ENSMUST00000212019;ENSMUST00000212019.2;ENSMUSG00000045128.10;0;1,53E-99
ENSMUSG00000045128;ENSMUST00000212129;ENSMUST00000212129.2;ENSMUSG00000045128.10;0;2,10E+09
ENSMUSG00000046688;ENSMUST00000054483;ENSMUST00000054483.14;ENSMUSG00000046688.15;0.015617885814103;0
ENSMUSG00000046688;ENSMUST00000171621;ENSMUST00000171621.3;ENSMUSG00000046688.15;0.015617885814103;0
ENSMUSG00000046711;ENSMUST00000231874;ENSMUST00000231874.2;ENSMUSG00000046711.17;0.0294377886784544;0.0108883101011799
ENSMUSG00000047215;ENSMUST00000057885;ENSMUST00000057885.13;ENSMUSG00000047215.15;0;2,93E-110
ENSMUSG00000047215;ENSMUST00000150815;ENSMUST00000150815.6;ENSMUSG00000047215.15;0;2,28E-44
ENSMUSG00000047215;ENSMUST00000151917;ENSMUST00000151917.6;ENSMUSG00000047215.15;0;1,18E-49
ENSMUSG00000047675;ENSMUST00000102696;ENSMUST00000102696.5;ENSMUSG00000047675.16;0;0
ENSMUSG00000047675;ENSMUST00000137423;ENSMUST00000137423.2;ENSMUSG00000047675.16;0;0
ENSMUSG00000048076;ENSMUST00000061242;ENSMUST00000061242.8;ENSMUSG00000048076.15;0.00176968497564099;0
ENSMUSG00000048076;ENSMUST00000163300;ENSMUST00000163300.8;ENSMUSG00000048076.15;0.00176968497564099;0
ENSMUSG00000048277;ENSMUST00000026649;ENSMUST00000026649.14;ENSMUSG00000048277.16;0.00923215328573677;0
ENSMUSG00000048277;ENSMUST00000120928;ENSMUST00000120928.2;ENSMUSG00000048277.16;0.00923215328573677;0
ENSMUSG00000048758;ENSMUST00000059802;ENSMUST00000059802.7;ENSMUSG00000048758.15;0;9,57E+05
ENSMUSG00000048758;ENSMUST00000098994;ENSMUST00000098994.7;ENSMUSG00000048758.15;0;8,52E-27
ENSMUSG00000048758;ENSMUST00000150576;ENSMUST00000150576.8;ENSMUSG00000048758.15;0;4,27E-21
ENSMUSG00000049339;ENSMUST00000097694;ENSMUST00000097694.11;ENSMUSG00000049339.17;0.00963488357419381;0
ENSMUSG00000049339;ENSMUST00000186037;ENSMUST00000186037.7;ENSMUSG00000049339.17;0.00963488357419381;0
ENSMUSG00000049517;ENSMUST00000224430;ENSMUST00000224430.2;ENSMUSG00000049517.9;0;0
ENSMUSG00000049517;ENSMUST00000224463;ENSMUST00000224463.2;ENSMUSG00000049517.9;0;0
ENSMUSG00000049775;ENSMUST00000112172;ENSMUST00000112172.4;ENSMUSG00000049775.17;0;3,51E-273
ENSMUSG00000049775;ENSMUST00000112175;ENSMUST00000112175.2;ENSMUSG00000049775.17;0;4,87E-37
ENSMUSG00000049775;ENSMUST00000112176;ENSMUST00000112176.8;ENSMUSG00000049775.17;0;1,17E-104
ENSMUSG00000049988;ENSMUST00000052437;ENSMUST00000052437.6;ENSMUSG00000049988.6;8,87E+02;0
ENSMUSG00000049988;ENSMUST00000210609;ENSMUST00000210609.2;ENSMUSG00000049988.6;8,87E+02;0
ENSMUSG00000050212;ENSMUST00000052876;ENSMUST00000052876.3;ENSMUSG00000050212.5;0.00604077954766183;0
ENSMUSG00000050212;ENSMUST00000106152;ENSMUST00000106152.3;ENSMUSG00000050212.5;0.00604077954766183;0
ENSMUSG00000050335;ENSMUST00000144794;ENSMUST00000144794.2;ENSMUSG00000050335.18;0;3,40E-42
ENSMUSG00000050335;ENSMUST00000146468;ENSMUST00000146468.4;ENSMUSG00000050335.18;0;5,61E-16
ENSMUSG00000050335;ENSMUST00000151405;ENSMUST00000151405.9;ENSMUSG00000050335.18;0;2,42E-13
ENSMUSG00000050708;ENSMUST00000094434;ENSMUST00000094434.13;ENSMUSG00000050708.17;0;5,27E-74
ENSMUSG00000050708;ENSMUST00000210106;ENSMUST00000210106.2;ENSMUSG00000050708.17;0;5,08E+05
ENSMUSG00000050708;ENSMUST00000210375;ENSMUST00000210375.2;ENSMUSG00000050708.17;0;0
ENSMUSG00000050708;ENSMUST00000211500;ENSMUST00000211500.2;ENSMUSG00000050708.17;0;2,58E-64
ENSMUSG00000050708;ENSMUST00000211694;ENSMUST00000211694.2;ENSMUSG00000050708.17;0;7,57E-250
ENSMUSG00000050732;ENSMUST00000059983;ENSMUST00000059983.10;ENSMUSG00000050732.10;0;0
ENSMUSG00000050732;ENSMUST00000142613;ENSMUST00000142613.2;ENSMUSG00000050732.10;0;0
ENSMUSG00000050856;ENSMUST00000049628;ENSMUST00000049628.16;ENSMUSG00000050856.17;0;0
ENSMUSG00000050856;ENSMUST00000123184;ENSMUST00000123184.2;ENSMUSG00000050856.17;0;0
ENSMUSG00000051391;ENSMUST00000055808;ENSMUST00000055808.6;ENSMUSG00000051391.10;0;0
ENSMUSG00000051391;ENSMUST00000198270;ENSMUST00000198270.2;ENSMUSG00000051391.10;0;0
ENSMUSG00000052146;ENSMUST00000114881;ENSMUST00000114881.9;ENSMUSG00000052146.17;0;3,43E+07
ENSMUSG00000052146;ENSMUST00000114882;ENSMUST00000114882.9;ENSMUSG00000052146.17;0;4,19E-19
ENSMUSG00000052146;ENSMUST00000152982;ENSMUST00000152982.3;ENSMUSG00000052146.17;0;7,05E-18
ENSMUSG00000052146;ENSMUST00000178774;ENSMUST00000178774.3;ENSMUSG00000052146.17;0;5,99E-12
ENSMUSG00000052459;ENSMUST00000063661;ENSMUST00000063661.13;ENSMUSG00000052459.14;1,37E+09;0
ENSMUSG00000052459;ENSMUST00000114666;ENSMUST00000114666.9;ENSMUSG00000052459.14;1,37E+09;0
ENSMUSG00000052656;ENSMUST00000064637;ENSMUST00000064637.11;ENSMUSG00000052656.13;0.040248557990747;0
ENSMUSG00000052656;ENSMUST00000114178;ENSMUST00000114178.8;ENSMUSG00000052656.13;0.040248557990747;0
ENSMUSG00000053063;ENSMUST00000133756;ENSMUST00000133756.2;ENSMUSG00000053063.12;0;0
ENSMUSG00000053063;ENSMUST00000151671;ENSMUST00000151671.8;ENSMUSG00000053063.12;0;0
ENSMUSG00000053687;ENSMUST00000034373;ENSMUST00000034373.8;ENSMUSG00000053687.16;0.0421429304721638;0
ENSMUSG00000053687;ENSMUST00000117555;ENSMUST00000117555.8;ENSMUSG00000053687.16;0.0421429304721638;0
ENSMUSG00000054428;ENSMUST00000067496;ENSMUST00000067496.7;ENSMUSG00000054428.13;0;0
ENSMUSG00000054428;ENSMUST00000152993;ENSMUST00000152993.8;ENSMUSG00000054428.13;0;0
ENSMUSG00000054452;ENSMUST00000002518;ENSMUST00000002518.9;ENSMUSG00000054452.11;0.00137444245262069;0
ENSMUSG00000054452;ENSMUST00000218432;ENSMUST00000218432.2;ENSMUSG00000054452.11;0.00137444245262069;0
ENSMUSG00000055447;ENSMUST00000229206;ENSMUST00000229206.2;ENSMUSG00000055447.20;0.0037761940139757;0.00256560689656165
ENSMUSG00000055447;ENSMUST00000230281;ENSMUST00000230281.2;ENSMUSG00000055447.20;0.0037761940139757;0.0210436085629723
ENSMUSG00000055553;ENSMUST00000093456;ENSMUST00000093456.12;ENSMUSG00000055553.17;1,16E+02;0
ENSMUSG00000055553;ENSMUST00000121623;ENSMUST00000121623.8;ENSMUSG00000055553.17;1,16E+02;0
ENSMUSG00000055839;ENSMUST00000232702;ENSMUST00000232702.2;ENSMUSG00000055839.7;7,16E-02;3,98E+06
ENSMUSG00000055839;ENSMUST00000233519;ENSMUST00000233519.2;ENSMUSG00000055839.7;7,16E-02;1,19E-02
ENSMUSG00000056612;ENSMUST00000070850;ENSMUST00000070850.8;ENSMUSG00000056612.8;4,63E+00;9,92E-01
ENSMUSG00000056612;ENSMUST00000235195;ENSMUST00000235195.2;ENSMUSG00000056612.8;4,63E+00;1,90E+03
ENSMUSG00000056612;ENSMUST00000237084;ENSMUST00000237084.2;ENSMUSG00000056612.8;4,63E+00;3,84E+09
ENSMUSG00000056629;ENSMUST00000070878;ENSMUST00000070878.9;ENSMUSG00000056629.17;6,73E+08;0
ENSMUSG00000056629;ENSMUST00000177752;ENSMUST00000177752.9;ENSMUSG00000056629.17;6,73E+08;0
ENSMUSG00000056737;ENSMUST00000071044;ENSMUST00000071044.13;ENSMUSG00000056737.15;0;3,86E+08
ENSMUSG00000056737;ENSMUST00000114071;ENSMUST00000114071.8;ENSMUSG00000056737.15;0;2,71E+06
ENSMUSG00000056737;ENSMUST00000114072;ENSMUST00000114072.8;ENSMUSG00000056737.15;0;0.000980839898504299
ENSMUSG00000056737;ENSMUST00000126101;ENSMUST00000126101.3;ENSMUSG00000056737.15;0;1,15E-54
ENSMUSG00000056888;ENSMUST00000074805;ENSMUST00000074805.12;ENSMUSG00000056888.12;0;6,97E+05
ENSMUSG00000056888;ENSMUST00000161870;ENSMUST00000161870.3;ENSMUSG00000056888.12;0;1,05E-35
ENSMUSG00000056888;ENSMUST00000162508;ENSMUST00000162508.9;ENSMUSG00000056888.12;0;0.000316734756268881
ENSMUSG00000057113;ENSMUST00000093201;ENSMUST00000093201.13;ENSMUSG00000057113.14;0;0.0205890281702414
ENSMUSG00000057113;ENSMUST00000141881;ENSMUST00000141881.2;ENSMUSG00000057113.14;0;4,51E-07
ENSMUSG00000057322;ENSMUST00000077915;ENSMUST00000077915.10;ENSMUSG00000057322.13;0;1,99E+09
ENSMUSG00000057322;ENSMUST00000082092;ENSMUST00000082092.5;ENSMUSG00000057322.13;0;1,89E-06
ENSMUSG00000057322;ENSMUST00000106599;ENSMUST00000106599.8;ENSMUSG00000057322.13;0;1,40E-15
ENSMUSG00000057322;ENSMUST00000106602;ENSMUST00000106602.10;ENSMUSG00000057322.13;0;1,01E+01
ENSMUSG00000057561;ENSMUST00000078079;ENSMUST00000078079.11;ENSMUSG00000057561.12;0.000683901906795826;0.000215830504361919
ENSMUSG00000057666;ENSMUST00000073605;ENSMUST00000073605.15;ENSMUSG00000057666.19;0;0.0328627539528567
ENSMUSG00000057666;ENSMUST00000117757;ENSMUST00000117757.9;ENSMUSG00000057666.19;0;0.0328627539528567
ENSMUSG00000057666;ENSMUST00000118875;ENSMUST00000118875.8;ENSMUSG00000057666.19;0;0.000787344879791689
ENSMUSG00000057666;ENSMUST00000147954;ENSMUST00000147954.2;ENSMUSG00000057666.19;0;5,36E-82
ENSMUSG00000057841;ENSMUST00000081840;ENSMUST00000081840.6;ENSMUSG00000057841.6;0;0
ENSMUSG00000057841;ENSMUST00000203816;ENSMUST00000203816.2;ENSMUSG00000057841.6;0;0
ENSMUSG00000058427;ENSMUST00000075433;ENSMUST00000075433.8;ENSMUSG00000058427.11;0;6,91E-52
ENSMUSG00000058427;ENSMUST00000200681;ENSMUST00000200681.4;ENSMUSG00000058427.11;0;3,25E-41
ENSMUSG00000058427;ENSMUST00000200919;ENSMUST00000200919.2;ENSMUSG00000058427.11;0;5,57E-20
ENSMUSG00000058486;ENSMUST00000081214;ENSMUST00000081214.12;ENSMUSG00000058486.12;4,59E+03;0
ENSMUSG00000058486;ENSMUST00000146968;ENSMUST00000146968.8;ENSMUSG00000058486.12;4,59E+03;0
ENSMUSG00000058546;ENSMUST00000102483;ENSMUST00000102483.5;ENSMUSG00000058546.9;0;0
ENSMUSG00000058546;ENSMUST00000127270;ENSMUST00000127270.2;ENSMUSG00000058546.9;0;0
ENSMUSG00000058600;ENSMUST00000009039;ENSMUST00000009039.6;ENSMUSG00000058600.14;0;8,17E-38
ENSMUSG00000058600;ENSMUST00000079735;ENSMUST00000079735.12;ENSMUSG00000058600.14;0;3,22E-73
ENSMUSG00000058600;ENSMUST00000142643;ENSMUST00000142643.2;ENSMUSG00000058600.14;0;2,74E-94
ENSMUSG00000058715;ENSMUST00000079957;ENSMUST00000079957.12;ENSMUSG00000058715.12;0;0
ENSMUSG00000058715;ENSMUST00000193973;ENSMUST00000193973.2;ENSMUSG00000058715.12;0;0
ENSMUSG00000058818;ENSMUST00000129493;ENSMUST00000129493.8;ENSMUSG00000058818.14;6,86E+00;0.00454778489860945
ENSMUSG00000058818;ENSMUST00000136238;ENSMUST00000136238.8;ENSMUSG00000058818.14;6,86E+00;4,19E-01
ENSMUSG00000058818;ENSMUST00000155131;ENSMUST00000155131.8;ENSMUSG00000058818.14;6,86E+00;1,49E+00
ENSMUSG00000059070;ENSMUST00000072503;ENSMUST00000072503.13;ENSMUSG00000059070.17;0;8,00E-09
ENSMUSG00000059070;ENSMUST00000209287;ENSMUST00000209287.2;ENSMUSG00000059070.17;0;6,88E+09
ENSMUSG00000059070;ENSMUST00000209693;ENSMUST00000209693.2;ENSMUSG00000059070.17;0;5,13E-10
ENSMUSG00000059070;ENSMUST00000209723;ENSMUST00000209723.2;ENSMUSG00000059070.17;0;3,34E-23
ENSMUSG00000059070;ENSMUST00000210640;ENSMUST00000210640.2;ENSMUSG00000059070.17;0;9,66E-05
ENSMUSG00000059070;ENSMUST00000211061;ENSMUST00000211061.2;ENSMUSG00000059070.17;0;2,33E-16
ENSMUSG00000059070;ENSMUST00000211435;ENSMUST00000211435.2;ENSMUSG00000059070.17;0;1,22E-15
ENSMUSG00000059291;ENSMUST00000125726;ENSMUST00000125726.8;ENSMUSG00000059291.16;0;3,73E+03
ENSMUSG00000059291;ENSMUST00000147059;ENSMUST00000147059.8;ENSMUSG00000059291.16;0;1,42E-03
ENSMUSG00000059291;ENSMUST00000155873;ENSMUST00000155873.3;ENSMUSG00000059291.16;0;1,53E-21
ENSMUSG00000059498;ENSMUST00000164044;ENSMUST00000164044.8;ENSMUSG00000059498.14;4,95E+08;0.00297851630199705
ENSMUSG00000059498;ENSMUST00000168817;ENSMUST00000168817.2;ENSMUSG00000059498.14;4,95E+08;1,40E+08
ENSMUSG00000059796;ENSMUST00000102589;ENSMUST00000102589.12;ENSMUSG00000059796.17;0;1,43E-46
ENSMUSG00000059796;ENSMUST00000123995;ENSMUST00000123995.8;ENSMUSG00000059796.17;0;1,35E-02
ENSMUSG00000059796;ENSMUST00000163666;ENSMUST00000163666.3;ENSMUSG00000059796.17;0;5,30E-71
ENSMUSG00000060036;ENSMUST00000081650;ENSMUST00000081650.15;ENSMUSG00000060036.15;0;6,98E-03
ENSMUSG00000060036;ENSMUST00000187578;ENSMUST00000187578.2;ENSMUSG00000060036.15;0;1,66E+05
ENSMUSG00000060036;ENSMUST00000230985;ENSMUST00000230985.2;ENSMUSG00000060036.15;0;1,53E-23
ENSMUSG00000060063;ENSMUST00000071130;ENSMUST00000071130.5;ENSMUSG00000060063.10;2,74E+09;0
ENSMUSG00000060063;ENSMUST00000202629;ENSMUST00000202629.2;ENSMUSG00000060063.10;2,74E+09;0
ENSMUSG00000060073;ENSMUST00000071704;ENSMUST00000071704.4;ENSMUSG00000060073.10;0.000160438969460728;0.00324090295679477
ENSMUSG00000060073;ENSMUST00000160683;ENSMUST00000160683.8;ENSMUSG00000060073.10;0.000160438969460728;4,86E+09
ENSMUSG00000060073;ENSMUST00000160864;ENSMUST00000160864.8;ENSMUSG00000060073.10;0.000160438969460728;0.000253245337081675
ENSMUSG00000060147;ENSMUST00000017188;ENSMUST00000017188.14;ENSMUSG00000060147.16;3,22E+08;9,03E+07
ENSMUSG00000060147;ENSMUST00000043552;ENSMUST00000043552.17;ENSMUSG00000060147.16;3,22E+08;4,66E+08
ENSMUSG00000060636;ENSMUST00000078804;ENSMUST00000078804.12;ENSMUSG00000060636.15;0;9,49E+08
ENSMUSG00000060636;ENSMUST00000115075;ENSMUST00000115075.2;ENSMUSG00000060636.15;0;4,65E-20
ENSMUSG00000060636;ENSMUST00000115079;ENSMUST00000115079.8;ENSMUSG00000060636.15;0;0.000366812501593787
ENSMUSG00000060636;ENSMUST00000232188;ENSMUST00000232188.2;ENSMUSG00000060636.15;0;1,09E-22
ENSMUSG00000060938;ENSMUST00000073471;ENSMUST00000073471.13;ENSMUSG00000060938.15;0;3,79E-38
ENSMUSG00000060938;ENSMUST00000101014;ENSMUST00000101014.9;ENSMUSG00000060938.15;0;2,93E-105
ENSMUSG00000060938;ENSMUST00000128952;ENSMUST00000128952.8;ENSMUSG00000060938.15;0;5,48E-06
ENSMUSG00000060938;ENSMUST00000134403;ENSMUST00000134403.2;ENSMUSG00000060938.15;0;4,50E-22
ENSMUSG00000060938;ENSMUST00000167436;ENSMUST00000167436.3;ENSMUSG00000060938.15;0;4,10E+04
ENSMUSG00000061232;ENSMUST00000025181;ENSMUST00000025181.18;ENSMUSG00000061232.17;0.000139683428411592;0
ENSMUSG00000061232;ENSMUST00000172912;ENSMUST00000172912.8;ENSMUSG00000061232.17;0.000139683428411592;0
ENSMUSG00000061315;ENSMUST00000073868;ENSMUST00000073868.9;ENSMUSG00000061315.15;0;0
ENSMUSG00000061315;ENSMUST00000092048;ENSMUST00000092048.13;ENSMUSG00000061315.15;0;0
ENSMUSG00000061477;ENSMUST00000221871;ENSMUST00000221871.2;ENSMUSG00000061477.5;0;0
ENSMUSG00000061477;ENSMUST00000222808;ENSMUST00000222808.2;ENSMUSG00000061477.5;0;0
ENSMUSG00000061518;ENSMUST00000081180;ENSMUST00000081180.7;ENSMUSG00000061518.12;0;0
ENSMUSG00000061518;ENSMUST00000191790;ENSMUST00000191790.6;ENSMUSG00000061518.12;0;0
ENSMUSG00000061787;ENSMUST00000080813;ENSMUST00000080813.5;ENSMUSG00000061787.16;0;3,58E-163
ENSMUSG00000061787;ENSMUST00000130487;ENSMUST00000130487.8;ENSMUSG00000061787.16;0;1,60E-80
ENSMUSG00000061787;ENSMUST00000134425;ENSMUST00000134425.8;ENSMUSG00000061787.16;0;1,75E-42
ENSMUSG00000061787;ENSMUST00000208054;ENSMUST00000208054.2;ENSMUSG00000061787.16;0;1,14E-60
ENSMUSG00000061904;ENSMUST00000163246;ENSMUST00000163246.8;ENSMUSG00000061904.13;8,81E+07;0.0146301422373686
ENSMUSG00000061904;ENSMUST00000164505;ENSMUST00000164505.2;ENSMUSG00000061904.13;8,81E+07;2,42E+07
ENSMUSG00000061904;ENSMUST00000170810;ENSMUST00000170810.8;ENSMUSG00000061904.13;8,81E+07;0.000297333217997757
ENSMUSG00000061983;ENSMUST00000073926;ENSMUST00000073926.8;ENSMUSG00000061983.8;0;3,04E-42
ENSMUSG00000061983;ENSMUST00000218107;ENSMUST00000218107.2;ENSMUSG00000061983.8;0;3,34E-235
ENSMUSG00000061983;ENSMUST00000218221;ENSMUST00000218221.2;ENSMUSG00000061983.8;0;7,38E+00
ENSMUSG00000061983;ENSMUST00000219783;ENSMUST00000219783.2;ENSMUSG00000061983.8;0;1,31E-39
ENSMUSG00000061983;ENSMUST00000220070;ENSMUST00000220070.2;ENSMUSG00000061983.8;0;2,48E-53
ENSMUSG00000062006;ENSMUST00000079085;ENSMUST00000079085.11;ENSMUSG00000062006.13;0;4,97E+06
ENSMUSG00000062006;ENSMUST00000135691;ENSMUST00000135691.2;ENSMUSG00000062006.13;0;5,32E-36
ENSMUSG00000062070;ENSMUST00000081593;ENSMUST00000081593.13;ENSMUSG00000062070.13;0;0
ENSMUSG00000062070;ENSMUST00000135949;ENSMUST00000135949.2;ENSMUSG00000062070.13;0;0
ENSMUSG00000062270;ENSMUST00000085248;ENSMUST00000085248.12;ENSMUSG00000062270.15;8,69E+09;2,59E+09
ENSMUSG00000062270;ENSMUST00000169860;ENSMUST00000169860.8;ENSMUSG00000062270.15;8,69E+09;0.000386866950882088
ENSMUSG00000062382;ENSMUST00000221435;ENSMUST00000221435.2;ENSMUSG00000062382.10;0;0
ENSMUSG00000062382;ENSMUST00000222435;ENSMUST00000222435.2;ENSMUSG00000062382.10;0;0
ENSMUSG00000062593;ENSMUST00000218123;ENSMUST00000218123.2;ENSMUSG00000062593.18;7,91E+08;2,26E+08
ENSMUSG00000062593;ENSMUST00000219696;ENSMUST00000219696.2;ENSMUSG00000062593.18;7,91E+08;0.000329077133621977
ENSMUSG00000062647;ENSMUST00000102898;ENSMUST00000102898.5;ENSMUSG00000062647.17;0;1,10E-109
ENSMUSG00000062647;ENSMUST00000129673;ENSMUST00000129673.8;ENSMUSG00000062647.17;0;7,25E-21
ENSMUSG00000062647;ENSMUST00000136269;ENSMUST00000136269.8;ENSMUSG00000062647.17;0;1,37E-33
ENSMUSG00000062647;ENSMUST00000137376;ENSMUST00000137376.8;ENSMUSG00000062647.17;0;3,65E-15
ENSMUSG00000062647;ENSMUST00000143678;ENSMUST00000143678.8;ENSMUSG00000062647.17;0;3,92E-18
ENSMUSG00000062647;ENSMUST00000147143;ENSMUST00000147143.2;ENSMUSG00000062647.17;0;6,30E-26
ENSMUSG00000062825;ENSMUST00000062147;ENSMUST00000062147.14;ENSMUSG00000062825.16;0;5,52E-49
ENSMUSG00000062825;ENSMUST00000071555;ENSMUST00000071555.13;ENSMUSG00000062825.16;0;0.000266680820655261
ENSMUSG00000062825;ENSMUST00000128055;ENSMUST00000128055.2;ENSMUSG00000062825.16;0;1,46E-25
ENSMUSG00000062963;ENSMUST00000080001;ENSMUST00000080001.9;ENSMUSG00000062963.11;3,28E-01;0
ENSMUSG00000062963;ENSMUST00000138974;ENSMUST00000138974.2;ENSMUSG00000062963.11;3,28E-01;0
ENSMUSG00000062997;ENSMUST00000080861;ENSMUST00000080861.6;ENSMUSG00000062997.7;0;0
ENSMUSG00000062997;ENSMUST00000152441;ENSMUST00000152441.2;ENSMUSG00000062997.7;0;0
ENSMUSG00000063229;ENSMUST00000048209;ENSMUST00000048209.16;ENSMUSG00000063229.16;0.000395318096954993;0.00346295886261653
ENSMUSG00000063229;ENSMUST00000210815;ENSMUST00000210815.2;ENSMUSG00000063229.16;0.000395318096954993;0.000245145504364199
ENSMUSG00000063316;ENSMUST00000077856;ENSMUST00000077856.13;ENSMUSG00000063316.14;0;6,77E-39
ENSMUSG00000063316;ENSMUST00000107249;ENSMUST00000107249.8;ENSMUSG00000063316.14;0;7,69E-02
ENSMUSG00000063316;ENSMUST00000152162;ENSMUST00000152162.2;ENSMUSG00000063316.14;0;1,09E-32
ENSMUSG00000063457;ENSMUST00000062674;ENSMUST00000062674.7;ENSMUSG00000063457.15;0;0
ENSMUSG00000063457;ENSMUST00000068408;ENSMUST00000068408.14;ENSMUSG00000063457.15;0;0
ENSMUSG00000063524;ENSMUST00000080149;ENSMUST00000080149.6;ENSMUSG00000063524.14;7,25E+04;0
ENSMUSG00000063524;ENSMUST00000080926;ENSMUST00000080926.13;ENSMUSG00000063524.14;7,25E+04;0
ENSMUSG00000063856;ENSMUST00000082429;ENSMUST00000082429.8;ENSMUSG00000063856.9;0;0
ENSMUSG00000063856;ENSMUST00000191997;ENSMUST00000191997.2;ENSMUSG00000063856.9;0;0
ENSMUSG00000063882;ENSMUST00000050580;ENSMUST00000050580.11;ENSMUSG00000063882.13;0;6,42E-16
ENSMUSG00000063882;ENSMUST00000078676;ENSMUST00000078676.6;ENSMUSG00000063882.13;0;4,48E-41
ENSMUSG00000063882;ENSMUST00000134760;ENSMUST00000134760.2;ENSMUSG00000063882.13;0;7,26E-17
ENSMUSG00000064215;ENSMUST00000085065;ENSMUST00000085065.12;ENSMUSG00000064215.14;4,34E+03;0.000689853095621479
ENSMUSG00000064215;ENSMUST00000153670;ENSMUST00000153670.2;ENSMUSG00000064215.14;4,34E+03;1,01E+03
ENSMUSG00000064373;ENSMUST00000159158;ENSMUST00000159158.9;ENSMUSG00000064373.14;1,48E+05;3,70E+04
ENSMUSG00000064373;ENSMUST00000159216;ENSMUST00000159216.10;ENSMUSG00000064373.14;1,48E+05;0.00100330119946922
ENSMUSG00000066152;ENSMUST00000084530;ENSMUST00000084530.9;ENSMUSG00000066152.12;0.0372239498581101;0
ENSMUSG00000066152;ENSMUST00000107467;ENSMUST00000107467.3;ENSMUSG00000066152.12;0.0372239498581101;0
ENSMUSG00000067212;ENSMUST00000102678;ENSMUST00000102678.5;ENSMUSG00000067212.9;0;0
ENSMUSG00000067212;ENSMUST00000174839;ENSMUST00000174839.2;ENSMUSG00000067212.9;0;0
ENSMUSG00000067288;ENSMUST00000087342;ENSMUST00000087342.13;ENSMUSG00000067288.14;0;6,93E+06
ENSMUSG00000067288;ENSMUST00000173480;ENSMUST00000173480.8;ENSMUSG00000067288.14;0;1,69E-69
ENSMUSG00000067288;ENSMUST00000173844;ENSMUST00000173844.8;ENSMUSG00000067288.14;0;5,79E+09
ENSMUSG00000068039;ENSMUST00000089024;ENSMUST00000089024.13;ENSMUSG00000068039.14;0.00432380124015003;0
ENSMUSG00000068039;ENSMUST00000129632;ENSMUST00000129632.8;ENSMUSG00000068039.14;0.00432380124015003;0
ENSMUSG00000068523;ENSMUST00000090031;ENSMUST00000090031.12;ENSMUSG00000068523.13;0;0
ENSMUSG00000068523;ENSMUST00000119130;ENSMUST00000119130.2;ENSMUSG00000068523.13;0;0
ENSMUSG00000068823;ENSMUST00000198180;ENSMUST00000198180.5;ENSMUSG00000068823.11;3,49E+07;2,84E+07
ENSMUSG00000070493;ENSMUST00000094280;ENSMUST00000094280.4;ENSMUSG00000070493.4;0;0
ENSMUSG00000070493;ENSMUST00000131645;ENSMUST00000131645.2;ENSMUSG00000070493.4;0;0
ENSMUSG00000071415;ENSMUST00000150955;ENSMUST00000150955.2;ENSMUSG00000071415.7;0;3,21E-197
ENSMUSG00000071415;ENSMUST00000151118;ENSMUST00000151118.2;ENSMUSG00000071415.7;0;1,14E-200
ENSMUSG00000071415;ENSMUST00000151965;ENSMUST00000151965.2;ENSMUSG00000071415.7;0;4,05E-55
ENSMUSG00000071655;ENSMUST00000096255;ENSMUST00000096255.7;ENSMUSG00000071655.13;0.000293854445222643;0
ENSMUSG00000071655;ENSMUST00000166407;ENSMUST00000166407.9;ENSMUSG00000071655.13;0.000293854445222643;0
ENSMUSG00000071662;ENSMUST00000096261;ENSMUST00000096261.5;ENSMUSG00000071662.5;0;0
ENSMUSG00000071662;ENSMUST00000235964;ENSMUST00000235964.2;ENSMUSG00000071662.5;0;0
ENSMUSG00000071715;ENSMUST00000096357;ENSMUST00000096357.12;ENSMUSG00000071715.13;0;2,11E-40
ENSMUSG00000071715;ENSMUST00000147303;ENSMUST00000147303.9;ENSMUSG00000071715.13;0;4,25E-23
ENSMUSG00000071715;ENSMUST00000148646;ENSMUST00000148646.2;ENSMUSG00000071715.13;0;1,38E-01
ENSMUSG00000071866;ENSMUST00000090749;ENSMUST00000090749.13;ENSMUSG00000071866.13;0;6,78E-88
ENSMUSG00000071866;ENSMUST00000132846;ENSMUST00000132846.2;ENSMUSG00000071866.13;0;3,64E-91
ENSMUSG00000071866;ENSMUST00000137829;ENSMUST00000137829.8;ENSMUSG00000071866.13;0;1,51E-157
ENSMUSG00000071866;ENSMUST00000155824;ENSMUST00000155824.2;ENSMUSG00000071866.13;0;6,44E-77
ENSMUSG00000071866;ENSMUST00000213200;ENSMUST00000213200.2;ENSMUSG00000071866.13;0;2,49E-59
ENSMUSG00000073411;ENSMUST00000172503;ENSMUST00000172503.3;ENSMUSG00000073411.13;0.00721122956721396;0
ENSMUSG00000073411;ENSMUST00000172785;ENSMUST00000172785.8;ENSMUSG00000073411.13;0.00721122956721396;0
ENSMUSG00000073421;ENSMUST00000040828;ENSMUST00000040828.7;ENSMUSG00000073421.7;0;3,28E-43
ENSMUSG00000073421;ENSMUST00000174875;ENSMUST00000174875.2;ENSMUSG00000073421.7;0;6,65E-16
ENSMUSG00000073421;ENSMUST00000237866;ENSMUST00000237866.2;ENSMUSG00000073421.7;0;8,45E-13
ENSMUSG00000073702;ENSMUST00000178079;ENSMUST00000178079.8;ENSMUSG00000073702.12;0;3,86E-06
ENSMUSG00000073702;ENSMUST00000179954;ENSMUST00000179954.8;ENSMUSG00000073702.12;0;9,16E+06
ENSMUSG00000073702;ENSMUST00000191855;ENSMUST00000191855.2;ENSMUSG00000073702.12;0;2,98E-97
ENSMUSG00000073982;ENSMUST00000098230;ENSMUST00000098230.11;ENSMUSG00000073982.12;0.0145503725060423;0
ENSMUSG00000073982;ENSMUST00000106923;ENSMUST00000106923.2;ENSMUSG00000073982.12;0.0145503725060423;0
ENSMUSG00000074129;ENSMUST00000150350;ENSMUST00000150350.9;ENSMUSG00000074129.15;0;0.0218090870557587
ENSMUSG00000074129;ENSMUST00000209626;ENSMUST00000209626.2;ENSMUSG00000074129.15;0;8,96E+06
ENSMUSG00000074129;ENSMUST00000210073;ENSMUST00000210073.2;ENSMUSG00000074129.15;0;3,02E-07
ENSMUSG00000074129;ENSMUST00000210792;ENSMUST00000210792.2;ENSMUSG00000074129.15;0;3,58E-09
ENSMUSG00000074129;ENSMUST00000210967;ENSMUST00000210967.2;ENSMUSG00000074129.15;0;0.00239979541026305
ENSMUSG00000074884;ENSMUST00000099475;ENSMUST00000099475.12;ENSMUSG00000074884.13;2,99E+01;0
ENSMUSG00000074884;ENSMUST00000154418;ENSMUST00000154418.8;ENSMUSG00000074884.13;2,99E+01;0
ENSMUSG00000075010;ENSMUST00000246489;ENSMUST00000246489.1;ENSMUSG00000075010.7;0;3,09E-13
ENSMUSG00000075705;ENSMUST00000101800;ENSMUST00000101800.7;ENSMUSG00000075705.14;3,35E+01;0
ENSMUSG00000075705;ENSMUST00000115262;ENSMUST00000115262.9;ENSMUSG00000075705.14;3,35E+01;0
ENSMUSG00000078453;ENSMUST00000020002;ENSMUST00000020002.9;ENSMUSG00000078453.4;0;1,97E-02
ENSMUSG00000078453;ENSMUST00000217718;ENSMUST00000217718.2;ENSMUSG00000078453.4;0;4,95E-26
ENSMUSG00000078453;ENSMUST00000218994;ENSMUST00000218994.2;ENSMUSG00000078453.4;0;3,89E-25
ENSMUSG00000078578;ENSMUST00000106291;ENSMUST00000106291.10;ENSMUSG00000078578.10;0;2,32E-01
ENSMUSG00000078578;ENSMUST00000197134;ENSMUST00000197134.3;ENSMUSG00000078578.10;0;0.000554737969626101
ENSMUSG00000078578;ENSMUST00000198748;ENSMUST00000198748.5;ENSMUSG00000078578.10;0;0.00187024056007525
ENSMUSG00000078578;ENSMUST00000199613;ENSMUST00000199613.5;ENSMUSG00000078578.10;0;6,02E-06
ENSMUSG00000078812;ENSMUST00000108613;ENSMUST00000108613.10;ENSMUSG00000078812.11;6,66E+08;2,21E+09
ENSMUSG00000078812;ENSMUST00000164359;ENSMUST00000164359.8;ENSMUSG00000078812.11;6,66E+08;1,97E+09
ENSMUSG00000079197;ENSMUST00000111378;ENSMUST00000111378.10;ENSMUSG00000079197.11;0;4,81E-52
ENSMUSG00000079197;ENSMUST00000161573;ENSMUST00000161573.8;ENSMUSG00000079197.11;0;3,06E-61
ENSMUSG00000079197;ENSMUST00000161807;ENSMUST00000161807.8;ENSMUSG00000079197.11;0;6,05E-180
ENSMUSG00000079197;ENSMUST00000162700;ENSMUST00000162700.8;ENSMUSG00000079197.11;0;7,52E-60
ENSMUSG00000079419;ENSMUST00000165310;ENSMUST00000165310.3;ENSMUSG00000079419.5;6,89E+00;0
ENSMUSG00000079419;ENSMUST00000187462;ENSMUST00000187462.2;ENSMUSG00000079419.5;6,89E+00;0
ENSMUSG00000079435;ENSMUST00000113211;ENSMUST00000113211.8;ENSMUSG00000079435.10;1,37E+07;0.000216304165112938
ENSMUSG00000079435;ENSMUST00000149857;ENSMUST00000149857.3;ENSMUSG00000079435.10;1,37E+07;3,66E+06
ENSMUSG00000079435;ENSMUST00000170828;ENSMUST00000170828.2;ENSMUSG00000079435.10;1,37E+07;0.00515444531056797
ENSMUSG00000079477;ENSMUST00000113598;ENSMUST00000113598.8;ENSMUSG00000079477.10;3,18E+09;1,86E+09
ENSMUSG00000079477;ENSMUST00000113600;ENSMUST00000113600.10;ENSMUSG00000079477.10;3,18E+09;0.00215487044445263
ENSMUSG00000079523;ENSMUST00000114049;ENSMUST00000114049.2;ENSMUSG00000079523.9;0;4,35E-08
ENSMUSG00000079523;ENSMUST00000114050;ENSMUST00000114050.8;ENSMUSG00000079523.9;0;0.00894413682221098
ENSMUSG00000084786;ENSMUST00000154429;ENSMUST00000154429.9;ENSMUSG00000084786.10;0;1,07E-12
ENSMUSG00000084786;ENSMUST00000160124;ENSMUST00000160124.2;ENSMUSG00000084786.10;0;1,10E-12
ENSMUSG00000084786;ENSMUST00000160682;ENSMUST00000160682.8;ENSMUSG00000084786.10;0;3,10E-30
ENSMUSG00000086583;ENSMUST00000071523;ENSMUST00000071523.5;ENSMUSG00000086583.5;0;0
ENSMUSG00000086583;ENSMUST00000071641;ENSMUST00000071641.6;ENSMUSG00000086583.5;0;0
ENSMUSG00000090137;ENSMUST00000125184;ENSMUST00000125184.8;ENSMUSG00000090137.9;0;3,65E+00
ENSMUSG00000090137;ENSMUST00000129909;ENSMUST00000129909.8;ENSMUSG00000090137.9;0;9,14E+07
ENSMUSG00000090137;ENSMUST00000135446;ENSMUST00000135446.8;ENSMUSG00000090137.9;0;1,88E-42
ENSMUSG00000090137;ENSMUST00000165126;ENSMUST00000165126.9;ENSMUSG00000090137.9;0;6,67E-60
ENSMUSG00000090733;ENSMUST00000170122;ENSMUST00000170122.4;ENSMUSG00000090733.7;0;1,21E-48
ENSMUSG00000090733;ENSMUST00000195998;ENSMUST00000195998.5;ENSMUSG00000090733.7;0;7,82E-23
ENSMUSG00000090733;ENSMUST00000197028;ENSMUST00000197028.5;ENSMUSG00000090733.7;0;3,29E-14
ENSMUSG00000090733;ENSMUST00000199031;ENSMUST00000199031.5;ENSMUSG00000090733.7;0;1,09E-14
ENSMUSG00000090733;ENSMUST00000200305;ENSMUST00000200305.2;ENSMUSG00000090733.7;0;7,57E-05
ENSMUSG00000090841;ENSMUST00000164181;ENSMUST00000164181.2;ENSMUSG00000090841.3;0;1,45E-71
ENSMUSG00000090841;ENSMUST00000218127;ENSMUST00000218127.2;ENSMUSG00000090841.3;0;1,84E-04
ENSMUSG00000090841;ENSMUST00000218813;ENSMUST00000218813.2;ENSMUSG00000090841.3;0;1,96E-21
ENSMUSG00000090841;ENSMUST00000219236;ENSMUST00000219236.2;ENSMUSG00000090841.3;0;8,31E-06
ENSMUSG00000090841;ENSMUST00000219554;ENSMUST00000219554.2;ENSMUSG00000090841.3;0;1,45E-08
ENSMUSG00000090862;ENSMUST00000170953;ENSMUST00000170953.3;ENSMUSG00000090862.4;0;1,04E-144
ENSMUSG00000090862;ENSMUST00000205906;ENSMUST00000205906.2;ENSMUSG00000090862.4;0;2,61E-44
ENSMUSG00000090862;ENSMUST00000206712;ENSMUST00000206712.2;ENSMUSG00000090862.4;0;2,91E-54
ENSMUSG00000090862;ENSMUST00000206963;ENSMUST00000206963.2;ENSMUSG00000090862.4;0;6,83E-23
ENSMUSG00000093674;ENSMUST00000176010;ENSMUST00000176010.8;ENSMUSG00000093674.8;0;3,47E+06
ENSMUSG00000093674;ENSMUST00000176184;ENSMUST00000176184.2;ENSMUSG00000093674.8;0;3,31E-72
ENSMUSG00000093674;ENSMUST00000176683;ENSMUST00000176683.8;ENSMUSG00000093674.8;0;2,73E+05
ENSMUSG00000093674;ENSMUST00000176906;ENSMUST00000176906.2;ENSMUSG00000093674.8;0;3,78E-77
ENSMUSG00000093674;ENSMUST00000177163;ENSMUST00000177163.8;ENSMUSG00000093674.8;0;1,09E-03
ENSMUSG00000093674;ENSMUST00000177513;ENSMUST00000177513.2;ENSMUSG00000093674.8;0;2,96E-28
ENSMUSG00000094724;ENSMUST00000232106;ENSMUST00000232106.2;ENSMUSG00000094724.9;0.000160885512852327;0
ENSMUSG00000094724;ENSMUST00000232304;ENSMUST00000232304.2;ENSMUSG00000094724.9;0.000160885512852327;0
ENSMUSG00000098274;ENSMUST00000023269;ENSMUST00000023269.5;ENSMUSG00000098274.8;0;0
ENSMUSG00000098274;ENSMUST00000137811;ENSMUST00000137811.8;ENSMUSG00000098274.8;0;0
ENSMUSG00000106874;ENSMUST00000246710;ENSMUST00000246710.1;ENSMUSG00000106874.3;0;0
ENSMUSG00000106874;ENSMUST00000247023;ENSMUST00000247023.1;ENSMUSG00000106874.3;0;0
ENSMUSG00000112023;ENSMUST00000218704;ENSMUST00000218704.2;ENSMUSG00000112023.2;5,99E+02;0
ENSMUSG00000112023;ENSMUST00000219053;ENSMUST00000219053.2;ENSMUSG00000112023.2;5,99E+02;0
ENSMUSG00000112148;ENSMUST00000218217;ENSMUST00000218217.2;ENSMUSG00000112148.2;4,35E+04;0.00320032386039308
ENSMUSG00000112148;ENSMUST00000218617;ENSMUST00000218617.2;ENSMUSG00000112148.2;4,35E+04;0.00119344556090616
ENSMUSG00000112148;ENSMUST00000220402;ENSMUST00000220402.2;ENSMUSG00000112148.2;4,35E+04;2,12E+04
ENSMUSG00000113902;ENSMUST00000221191;ENSMUST00000221191.2;ENSMUSG00000113902.2;0;7,61E-43
ENSMUSG00000113902;ENSMUST00000221227;ENSMUST00000221227.2;ENSMUSG00000113902.2;0;1,98E+03
ENSMUSG00000113902;ENSMUST00000221422;ENSMUST00000221422.2;ENSMUSG00000113902.2;0;2,84E-37
ENSMUSG00000120992;ENSMUST00000246895;ENSMUST00000246895.1;ENSMUSG00000120992.1;0.0455028171451292;0.0175049879352809
ENSMUSG00000120992;ENSMUST00000247403;ENSMUST00000247403.1;ENSMUSG00000120992.1;0.0455028171451292;0.021308572160679